cik,date,url,error,exp date,trading px,px date,tender px,low,high,increment,price cap,share cap,shares outstanding,avg
"""0001032208""",1/26/2000,https://www.sec.gov//Archives/edgar/data/1032208/0000898430-00-000176-index.html,,2/25/2000,17.25,1/25/2000,,17.5,20.0,0.125,,"36,000,000","240,345,446",18.75
"""0000096879""",1/26/2000,https://www.sec.gov//Archives/edgar/data/96879/0000912057-00-002446-index.html,,2/23/2000,40.44,1/25/2000,,39.0,44.0,0.125,,"7,954,545","47,473,770",41.5
"""0000787250""",2/4/2000,https://www.sec.gov//Archives/edgar/data/787250/0000912057-00-004029-index.html,,3/3/2000,19.0,1/16/2000,,20.0,23.0,0.125,,"25,000,000","158,682,304",21.5
"""0000033488""",2/24/2000,https://www.sec.gov//Archives/edgar/data/33488/0000950152-00-001270-index.html,,3/24/2000,14.0,2/23/2000,,14.5,18.0,0.0625,,"700,000","2,918,178",16.25
"""0000046080""",2/28/2000,https://www.sec.gov//Archives/edgar/data/46080/0000950123-00-001680-index.html,,3/27/2000,14.5,2/24/2000,,15.25,17.5,,,"17,250,000",,16.375
"""0001021575""",3/1/2000,https://www.sec.gov//Archives/edgar/data/1021575/0000927089-00-000072-index.html,,3/29/2000,11.13,2/25/2000,,12.0,14.5,0.25,,"333,858","1,669,290",13.25
"""0000912766""",3/21/2000,https://www.sec.gov//Archives/edgar/data/912766/0000950169-00-000222-index.html,,4/17/2000,14.875,3/20/2000,,15.25,17.5,0.125,,"9,500,000","50,344,374",16.375
"""0000785815""",3/21/2000,https://www.sec.gov//Archives/edgar/data/785815/0000950134-00-002196-index.html,,4/19/2000,3.75,3/20/2000,6.25,,,,,"400,000","2,386,879",
"""0000909954""",4/17/2000,https://www.sec.gov//Archives/edgar/data/909954/0000909954-00-000006-index.html,,5/15/2000,14.0,4/3/2000,,14.5,16.0,0.125,,"300,000","3,354,747",15.25
"""0001036615""",4/24/2000,https://www.sec.gov//Archives/edgar/data/1036615/0000950123-00-003954-index.html,,5/19/2000,4.81,4/20/2000,5.72,,,,,"2,020,367","8,418,200",
"""0000763744""",5/1/2000,https://www.sec.gov//Archives/edgar/data/763744/0000889812-00-002041-index.html,,5/31/2000,7.0625,4/28/2000,8.0,,,,,"500,000","11,105,854",
"""0001059131""",6/5/2000,https://www.sec.gov//Archives/edgar/data/1059131/000105913100000007/0001059131-00-000007-index.htm,,7/5/2000,10.5,5/31/2000,12.5,,,,,"387,500","9,017,514",
1019439,7/31/2000,https://www.sec.gov//Archives/edgar/data/1019439/000091205700033897/0000912057-00-033897-index.htm,,8/30/2000,4.625,7/28/2000,6.25,,,,,"3,500,000","11,976,350",
"""0000919568""",8/1/2000,https://www.sec.gov//Archives/edgar/data/919568/000095012300007048/0000950123-00-007048-index.htm,,8/28/2000,16.1875,7/28/2000,,16.0,18.0,0.125,,"13,607,664","109,298,503",17.0
"""0000912766""",8/10/2000,https://www.sec.gov//Archives/edgar/data/912766/000094018000000959/0000940180-00-000959-index.htm,,9/7/2000,13.625,8/9/2000,,13.5,15.0,0.125,,"6,000,000","41,927,220",14.25
"""0000706698""",8/18/2000,https://www.sec.gov//Archives/edgar/data/706698/000109690600000204/0001096906-00-000204-index.htm,,9/15/2000,7.19,8/9/2000,8.2,,,,,"1,000,000","6,131,233",
"""0000776867""",8/21/2000,https://www.sec.gov//Archives/edgar/data/776867/000091205700038496/0000912057-00-038496-index.htm,,9/18/2000,157.0,8/11/2000,165.0,,,,,"1,500,000","5,880,115",
"""0000032020""",9/8/2000,https://www.sec.gov//Archives/edgar/data/32020/000095015200006584/0000950152-00-006584-index.htm,,10/5/2000,3.188,8/28/2000,,4.5,6.0,0.25,,"3,333,333","14,893,114",5.25
"""0001012771""",9/26/2000,https://www.sec.gov//Archives/edgar/data/1012771/000091205700042575/0000912057-00-042575-index.htm,,10/26/2000,15.19,9/22/2000,20.0,,,,,"1,101,462","29,831,305",
"""0000083402""",9/26/2000,https://www.sec.gov//Archives/edgar/data/83402/000095011600002394/0000950116-00-002394-index.htm,,10/24/2000,8.38,8/14/2000,,9.0,11.0,0.125,,"5,000,000","23,601,070",10.0
716459,9/29/2000,https://www.sec.gov//Archives/edgar/data/716459/000100547700006859/0001005477-00-006859-index.htm,,10/31/2000,16.5,9/25/2000,,18.0,20.0,0.125,,"1,668,329","16,683,294",19.0
"""0000716459""",9/29/2000,https://www.sec.gov//Archives/edgar/data/716459/000100547700006859/0001005477-00-006859-index.htm,,10/31/2000,16.5,9/25/2000,,18.0,20.0,0.125,,"1,668,329","16,683,294",19.0
"""0000769520""",10/23/2000,https://www.sec.gov//Archives/edgar/data/769520/000091205700045525/0000912057-00-045525-index.htm,,11/22/2000,5.375,10/20/2000,7.0,,,,,"1,500,000","10,132,000",
"""0000318189""",10/27/2000,https://www.sec.gov//Archives/edgar/data/318189/000080317000500056/0000803170-00-500056-index.htm,,12/15/2000,0.13,10/19/2000,0.25,,,,,"3,000,000","10,360,231",
"""0001006265""",10/31/2000,https://www.sec.gov//Archives/edgar/data/1006265/000104596900000826/0001045969-00-000826-index.htm,,12/1/2000,14.0,10/27/2000,,15.0,17.0,0.5,,"391,000","1,955,014",16.0
"""0000930420""",11/6/2000,https://www.sec.gov//Archives/edgar/data/930420/000095014400012937/0000950144-00-012937-index.htm,,12/5/2000,2.75,10/24/2000,,4.75,5.5,,,"10,000,000","42,155,869",5.125
"""0000108079""",11/9/2000,https://www.sec.gov//Archives/edgar/data/108079/000095012400006577/0000950124-00-006577-index.htm,,12/15/2000,8.141,11/8/2000,,10.0,12.0,0.125,,"1,500,000","4,577,260",11.0
"""0000813298""",11/15/2000,https://www.sec.gov//Archives/edgar/data/813298/000092242300500050/0000922423-00-500050-index.htm,,12/14/2000,2.375,11/2/2000,,2.2,3.0,0.1,,"1,500,000","15,781,972",2.6
"""0000216039""",12/15/2000,https://www.sec.gov//Archives/edgar/data/216039/000095013100006809/0000950131-00-006809-index.htm,,1/17/2001,4.625,12/4/2000,7.0,,,,,"7,000,000","19,934,622",
"""0000785024""",12/15/2000,https://www.sec.gov//Archives/edgar/data/785024/000091648000000037/0000916480-00-000037-index.htm,,1/31/2001,22.0,11/30/2000,25.5,,,,,"90,557","1,811,144",
"""0000944696""",12/21/2000,https://www.sec.gov//Archives/edgar/data/944696/000094469600500020/0000944696-00-500020-index.htm,,1/22/2001,0.56,12/15/2000,1.25,,,,,"750,000","7,444,687",
"""0001017968""",12/21/2000,https://www.sec.gov//Archives/edgar/data/1017968/000092838500003439/0000928385-00-003439-index.htm,,1/23/2001,5.5,12/14/2000,8.0,,,,,"16,250,000","28,692,766",
"""0000350846""",12/21/2000,https://www.sec.gov//Archives/edgar/data/350846/000100547700008658/0001005477-00-008658-index.htm,,1/23/2001,2.5,12/19/2000,,2.25,3.0,0.125,,"1,500,000",10983686,2.625
"""0000102588""",1/16/2001,https://www.sec.gov//Archives/edgar/data/102588/000093041301000079/0000930413-01-000079-index.htm,,2/15/2001,7.0,1/5/2001,8.0,,,,,"375,000","1,522,350",
"""0000766701""",2/16/2001,https://www.sec.gov//Archives/edgar/data/766701/000095013401001550/0000950134-01-001550-index.htm,,3/16/2001,12.76,2/15/2001,12.75,,,,,"5,000,000","25,282,472",
"""0001016831""",2/16/2001,https://www.sec.gov//Archives/edgar/data/1016831/000109581101001462/0001095811-01-001462-index.htm,,3/23/2001,1.69,2/15/2001,2.0,,,,,"6,000,000","10,858,234",
1095079,2/26/2001,https://www.sec.gov//Archives/edgar/data/1095079/000100547701001479/0001005477-01-001479-index.htm,,3/23/2001,0.625,2/9/2001,,1.25,1.5,0.0625,,"2,000,000","37,796,081",1.375
"""0000315641""",3/8/2001,https://www.sec.gov//Archives/edgar/data/315641/000091205701503011/0000912057-01-503011-index.htm,,4/6/2001,3.78,3/7/2001,,3.75,4.5,0.125,,"5,430,729","52,815,836",4.125
"""0000923687""",3/19/2001,https://www.sec.gov//Archives/edgar/data/923687/000095010901500242/0000950109-01-500242-index.htm,,4/17/2001,19.81,3/16/2001,,18.5,21.5,0.1,,"9,302,326","98,608,999",20.0
"""0000852426""",4/3/2001,https://www.sec.gov//Archives/edgar/data/852426/000104596901000378/0001045969-01-000378-index.htm,,5/4/2001,6.968999999999999,3/1/2001,,7.5,9.0,0.25,,"1,111,111","8,109,675",8.25
"""0001036081""",4/13/2001,https://www.sec.gov//Archives/edgar/data/1036081/000101287001500276/0001012870-01-500276-index.htm,,5/10/2001,6.4,4/11/2001,,5.5,6.5,0.125,,"1,800,000","5,300,000",6.0
"""0000715072""",4/16/2001,https://www.sec.gov//Archives/edgar/data/715072/000071507201500004/0000715072-01-500004-index.htm,,5/15/2001,18.5,4/9/2001,23.0,,,,,"604,312","6,043,124",
"""0001013934""",4/17/2001,https://www.sec.gov//Archives/edgar/data/1013934/000095013301001228/0000950133-01-001228-index.htm,,5/15/2001,36.44,4/16/2001,25.0,,,,,"8,500,000","15,503,697",
"""0000318833""",5/9/2001,https://www.sec.gov//Archives/edgar/data/318833/000095012901500467/0000950129-01-500467-index.htm,,6/6/2001,2.39,4/3/2001,3.0,,,,,"1,200,000","7,826,934",
"""0000912567""",5/11/2001,https://www.sec.gov//Archives/edgar/data/912567/000092708901500201/0000927089-01-500201-index.htm,,6/11/2001,9.25,5/1/2001,,11.5,13.0,0.25,,"230,770","1,507,100",12.25
"""0000320340""",6/1/2001,https://www.sec.gov//Archives/edgar/data/320340/000095014401503092/0000950144-01-503092-index.htm,,6/29/2001,4.4,5/31/2001,5.25,,,,,"1,000,000","5,623,784",
"""0000098537""",6/28/2001,https://www.sec.gov//Archives/edgar/data/98537/000095012401502205/0000950124-01-502205-index.htm,,7/31/2001,7.55,6/27/2001,,7.0,8.25,0.05,,"4,000,000","9,362,680",7.625
"""0001081202""",7/2/2001,https://www.sec.gov//Archives/edgar/data/1081202/000112528201501105/0001125282-01-501105-index.htm,,7/30/2001,2.02,6/27/2001,2.5,,,,,"1,216,600","7,216,600",
"""0001010838""",7/10/2001,https://www.sec.gov//Archives/edgar/data/1010838/000095013401503922/0000950134-01-503922-index.htm,,8/15/2001,16.75,6/15/2001,17.75,,,,,"250,000","1,271,584",
"""0001081212""",7/19/2001,https://www.sec.gov//Archives/edgar/data/1081212/000094627501500133/0000946275-01-500133-index.htm,,8/16/2001,13.2,7/13/2001,,14.25,16.25,0.25,,"90,000","361,427",15.25
"""0000701869""",7/26/2001,https://www.sec.gov//Archives/edgar/data/701869/000095011701500776/0000950117-01-500776-index.htm,,8/23/2001,15.0,7/13/2001,,15.0,16.75,0.25,,"100,000","7,985,595",15.875
"""0000108079""",8/7/2001,https://www.sec.gov//Archives/edgar/data/108079/000095012401502594/0000950124-01-502594-index.htm,,9/21/2001,12.7,8/2/2001,15.0,,,,,"1,500,000","3,305,206",
"""0001059131""",8/13/2001,https://www.sec.gov//Archives/edgar/data/1059131/000105913101500009/0001059131-01-500009-index.htm,,9/12/2001,13.7,7/31/2001,15.0,,,,,"400,000","8,564,195",
"""0001074433""",8/15/2001,https://www.sec.gov//Archives/edgar/data/1074433/000092708901500333/0000927089-01-500333-index.htm,,9/18/2001,18.33,8/9/2001,,17.5,20.0,0.5,,"8,000,000","80,404,182",18.75
"""0000887905""",9/10/2001,https://www.sec.gov//Archives/edgar/data/887905/000091205701531730/0000912057-01-531730-index.htm,,10/8/2001,4.55,9/5/2001,5.75,,,,,"3,000,000","24,490,518",
1087277,10/10/2001,https://www.sec.gov//Archives/edgar/data/1087277/000100547701501310/0001005477-01-501310-index.htm,,11/12/2001,0.26,8/27/2001,0.48,,,,,"10,750,000","13,191,602",
908517,11/5/2001,https://www.sec.gov//Archives/edgar/data/908517/000113388401500695/0001133884-01-500695-index.htm,,12/4/2001,2.5,10/24/2001,,2.5,3.0,0.1,,"1,500,000","10,112,956",2.75
"""0000055698""",11/21/2001,https://www.sec.gov//Archives/edgar/data/55698/000095013501503663/0000950135-01-503663-index.htm,,12/20/2001,10.3,11/16/2001,,10.65,12.65,0.25,,"900,000","9,185,509",11.65
701288,11/26/2001,https://www.sec.gov//Archives/edgar/data/701288/000095014401509543/0000950144-01-509543-index.htm,,12/21/2001,32.0247,11/20/2001,34.5,,,,,"500,000","2,079,050",
"""0000886206""",11/26/2001,https://www.sec.gov//Archives/edgar/data/886206/000113388401500787/0001133884-01-500787-index.htm,,12/21/2001,5.03,11/12/2001,6.0,,,,,"7,333,333","19,881,553",
"""0001101396""",12/7/2001,https://www.sec.gov//Archives/edgar/data/1101396/000101989201500080/0001019892-01-500080-index.htm,,1/10/2002,18.9,11/16/2001,,19.0,22.0,0.25,,"350,000","2,334,149",20.5
"""0000810113""",12/17/2001,https://www.sec.gov//Archives/edgar/data/810113/000095011601501270/0000950116-01-501270-index.htm,,1/18/2002,9.6,12/13/2001,,11.0,12.5,0.1,,"2,000,000","10,160,214",11.75
899629,12/20/2001,https://www.sec.gov//Archives/edgar/data/899629/000095011601501278/0000950116-01-501278-index.htm,,1/22/2002,6.26,12/19/2001,,6.05,6.5,0.05,,"4,784,615","28,653,356",6.275
"""0001029740""",1/31/2002,https://www.sec.gov//Archives/edgar/data/1029740/000090428002000018/0000904280-02-000018-index.htm,,3/1/2002,14.0,1/25/2002,,12.75,14.75,0.25,,"377,866","1,889,329",13.75
"""0000820067""",2/7/2002,https://www.sec.gov//Archives/edgar/data/820067/000095014402001039/0000950144-02-001039-index.htm,,3/15/2002,14.85,2/4/2002,,14.0,17.0,,,"180,000","1,934,643",15.5
"""0000723924""",3/28/2002,https://www.sec.gov//Archives/edgar/data/723924/000100547702001417/0001005477-02-001417-index.htm,,4/26/2002,9.3,3/26/2002,11.0,,,,,"1,818,181","4,056,504",
"""0001082114""",4/10/2002,https://www.sec.gov//Archives/edgar/data/1082114/000091205702014506/0000912057-02-014506-index.htm,,5/8/2002,12.34,4/5/2002,13.0,,,,,"25,000,000","2,377,258,560",
"""0000704561""",4/15/2002,https://www.sec.gov//Archives/edgar/data/704561/000095013402003755/0000950134-02-003755-index.htm,,6/28/2002,30.5,3/28/2002,31.0,,,,,"32,250","1,098,352",
"""0001099777""",4/23/2002,https://www.sec.gov//Archives/edgar/data/1099777/000091205702016209/0000912057-02-016209-index.htm,,5/31/2002,18.9,4/16/2002,23.0,,,,,"1,200,000","11,192,04",
"""0001058539""",5/7/2002,https://www.sec.gov//Archives/edgar/data/1058539/000094627502000257/0000946275-02-000257-index.htm,,6/7/2002,11.92,5/3/2002,,11.5,12.5,0.25,,"1,000,000","6,496,655",12.0
"""0000839621""",5/17/2002,https://www.sec.gov//Archives/edgar/data/839621/000091205702021193/0000912057-02-021193-index.htm,,6/17/2002,700.0,5/9/2002,,590.0,670.0,0.5,,"45,000","247,154",630.0
"""0000883670""",5/17/2002,https://www.sec.gov//Archives/edgar/data/883670/000095012302005433/0000950123-02-005433-index.htm,,6/14/2002,20.23,5/8/2002,,20.5,22.5,0.125,,"4,000,000","24,910,037",21.5
"""0000080984""",5/23/2002,https://www.sec.gov//Archives/edgar/data/80984/000008098402000006/0000080984-02-000006-index.htm,,6/21/2002,8.99,5/16/2002,10.0,,,,,"100,000","3,512,524",
908517,7/16/2002,https://www.sec.gov//Archives/edgar/data/908517/000113388402000754/0001133884-02-000754-index.htm,,8/13/2002,3.03,6/21/2002,4.0,,,,,"2,500,000","7,848,821",
"""0001096752""",8/5/2002,https://www.sec.gov//Archives/edgar/data/1096752/000095013102002944/0000950131-02-002944-index.htm,,8/30/2002,27.37,8/2/2002,,25.5,29.0,0.25,,"6,000,000","90,683,107",27.25
"""0000912960""",8/21/2002,https://www.sec.gov//Archives/edgar/data/912960/000113379602000169/0001133796-02-000169-index.htm,,8/21/2002,2.3,8/16/2002,3.5,,,,,"3,000,000","6,844,001",
"""0000944468""",9/6/2002,https://www.sec.gov//Archives/edgar/data/944468/000095014402009474/0000950144-02-009474-index.htm,,10/25/2002,19.0,8/27/2002,20.0,,,,,"55,000","1,480,000",
"""0000717724""",9/19/2002,https://www.sec.gov//Archives/edgar/data/717724/000095011702002204/0000950117-02-002204-index.htm,,10/18/2002,11.29,9/18/2002,,15.0,17.0,0.05,,"8,000,000","36,619,199",16.0
"""0000887905""",9/23/2002,https://www.sec.gov//Archives/edgar/data/887905/000095013002006669/0000950130-02-006669-index.htm,,10/21/2002,7.08,9/18/2002,8.5,,,,,"1,500,000","18,393,322",
"""0000706698""",10/11/2002,https://www.sec.gov//Archives/edgar/data/706698/000109690602000791/0001096906-02-000791-index.htm,,11/8/2002,16.07,9/30/2002,17.05,,,,,"750,000","4,917,589",
"""0000043704""",10/18/2002,https://www.sec.gov//Archives/edgar/data/43704/000114544302000580/0001145443-02-000580-index.htm,,11/19/2002,16.17,10/17/2002,,17.0,21.0,0.125,,"800,000","5,728,340",19.0
"""0000745614""",11/1/2002,https://www.sec.gov//Archives/edgar/data/745614/000095013402013237/0000950134-02-013237-index.htm,,12/6/2002,14.575,10/29/2002,,14.0,16.5,0.25,,"700,000","7,661,119",15.25
"""0001029506""",11/12/2002,https://www.sec.gov//Archives/edgar/data/1029506/000095013402013904/0000950134-02-013904-index.htm,,12/11/2002,20.3,11/8/2002,,21.0,24.0,0.25,,"4,000,000","30,029,012",22.5
"""0000109177""",11/20/2002,https://www.sec.gov//Archives/edgar/data/109177/000095012302011173/0000950123-02-011173-index.htm,,12/18/2002,23.2,11/12/2002,28.0,,,,,"500,000","2,390,849",
"""0000847074""",11/21/2002,https://www.sec.gov//Archives/edgar/data/847074/000095013402014831/0000950134-02-014831-index.htm,,12/23/2002,1.25,11/19/2002,1.5,,,,,"1,500,000","18,855,906",
"""0001081022""",11/25/2002,https://www.sec.gov//Archives/edgar/data/1081022/000113388402001167/0001133884-02-001167-index.htm,,12/23/2002,9.25,11/22/2002,11.0,,,,,"565,000","18,822,616",
"""0000948976""",11/27/2002,https://www.sec.gov//Archives/edgar/data/948976/000100127702000558/0001001277-02-000558-index.htm,,12/30/2002,20.07,11/19/2002,,22.0,25.0,0.5,,"200,000","2,227,756",23.5
"""0001012127""",1/31/2003,https://www.sec.gov//Archives/edgar/data/1012127/000095013503000546/0000950135-03-000546-index.htm,,3/3/2003,13.25,11/14/2002,14.85,,,,,"8,500,000","8,455,269",
14693,2/4/2003,https://www.sec.gov//Archives/edgar/data/14693/000095012303000878/0000950123-03-000878-index.htm,,3/4/2003,64.9,1/31/2003,,63.0,73.0,0.5,,"1,500,000","28,891,260",68.0
"""0000714395""",2/7/2003,https://www.sec.gov//Archives/edgar/data/714395/000092794603000020/0000927946-03-000020-index.htm,,3/14/2003,15.55,1/29/2003,20.0,,,,,"1,000,000","11,460,662",
"""0000902274""",2/18/2003,https://www.sec.gov//Archives/edgar/data/902274/000095013703001074/0000950137-03-001074-index.htm,,3/17/2003,22.55,2/14/2003,26.5,,,,,"1,500,000","14,632,277",
701288,3/18/2003,https://www.sec.gov//Archives/edgar/data/701288/000095014403003273/0000950144-03-003273-index.htm,,4/14/2003,18.0,2/26/2003,23.0,,,,,"350,000","1,838,571",
"""0001036188""",3/21/2003,https://www.sec.gov//Archives/edgar/data/1036188/000104746903009634/0001047469-03-009634-index.htm,,4/21/2003,4.1,3/20/2003,,4.75,5.25,0.05,,"2,600,000","34,401,335",5.0
"""0000860731""",4/14/2003,https://www.sec.gov//Archives/edgar/data/860731/000104746903013198/0001047469-03-013198-index.htm,,5/12/2003,3.61,4/11/2003,,3.6,4.0,0.05,,"4,200,000","45,373,933",3.8
824803,4/23/2003,https://www.sec.gov//Archives/edgar/data/824803/000095013003003329/0000950130-03-003329-index.htm,,5/21/2003,15.87,4/22/2003,,15.0,17.5,0.25,,"15,000,000","102,194,940",16.25
"""0000824803""",4/23/2003,https://www.sec.gov//Archives/edgar/data/824803/000095013003003329/0000950130-03-003329-index.htm,,5/21/2003,15.87,4/22/2003,,15.0,17.5,0.25,,"15,000,000","102,194,940",16.25
"""0000933036""",4/28/2003,https://www.sec.gov//Archives/edgar/data/933036/000095013403006593/0000950134-03-006593-index.htm,,6/5/2003,59.22,4/24/2003,60.0,,,,,"2,200,000","34,959,908",
"""0000949491""",5/9/2003,https://www.sec.gov//Archives/edgar/data/949491/000095014703000590/0000950147-03-000590-index.htm,,6/9/2003,1.71,4/28/2003,2.4,,,,,"1,000,000","4,349,788",
"""0000357173""",5/20/2003,https://www.sec.gov//Archives/edgar/data/357173/000104746903019339/0001047469-03-019339-index.htm,,6/24/2003,39.7,5/19/2003,42.5,,,,,"650,000","7,420,505",
946738,5/28/2003,https://www.sec.gov//Archives/edgar/data/946738/000102140803008270/0001021408-03-008270-index.htm,,6/30/2003,15.4,5/22/2003,,15.0,16.5,0.25,,"300,000","1,334,039",15.75
"""0000946738""",5/28/2003,https://www.sec.gov//Archives/edgar/data/946738/000102140803008270/0001021408-03-008270-index.htm,,6/30/2003,15.4,5/22/2003,,15.0,16.5,0.25,,"300,000","1,334,039 ",15.75
"""0000944148""",6/10/2003,https://www.sec.gov//Archives/edgar/data/944148/000095015203006019/0000950152-03-006019-index.htm,,7/9/2003,3.01,6/9/2003,,3.0,3.3,,,"14,000,000","95,999,137",3.15
"""0001020999""",6/16/2003,https://www.sec.gov//Archives/edgar/data/1020999/000095013703003409/0000950137-03-003409-index.htm,,7/14/2003,3.34,6/13/2003,,2.85,3.6,0.05,,"650,000","10,764,891",3.225
"""0000109156""",7/1/2003,https://www.sec.gov//Archives/edgar/data/109156/000095014403008301/0000950144-03-008301-index.htm,,7/29/2003,40.0,6/30/2003,,42.0,48.0,0.1,,"6,400,000","31,896,593",45.0
"""0001206625""",7/22/2003,https://www.sec.gov//Archives/edgar/data/1206625/000095013303002464/0000950133-03-002464-index.htm,,8/19/2003,4.86,6/20/2003,7.5,,,,,"4,350,000","89,627,853",
"""0000931948""",7/22/2003,https://www.sec.gov//Archives/edgar/data/931948/000095013303002464/0000950133-03-002464-index.htm,,8/19/2003,4.86,6/20/2003,7.5,,,,,"4,350,000","89,627,853",
"""0001099777""",8/11/2003,https://www.sec.gov//Archives/edgar/data/1099777/000104746903026951/0001047469-03-026951-index.htm,,9/15/2003,28.5,8/1/2003,30.0,,,,,"1,400,000","10,486,250",
1202157,8/18/2003,https://www.sec.gov//Archives/edgar/data/1202157/000114544303001047/0001145443-03-001047-index.htm,,9/24/2003,16.75,8/7/2003,,15.5,18.5,0.1,,"5,000,000","31,973,781",17.0
"""0000720672""",9/5/2003,https://www.sec.gov//Archives/edgar/data/720672/000095013403012488/0000950134-03-012488-index.htm,,10/10/2003,12.54,9/4/2003,13.25,,,,,"850,000","7,085,226",
"""0000318189""",9/15/2003,https://www.sec.gov//Archives/edgar/data/318189/000104746903030776/0001047469-03-030776-index.htm,,10/13/2003,0.25,8/27/2003,0.5,,,,,"1,000,000","10,733,700",
"""0001005119""",10/3/2003,https://www.sec.gov//Archives/edgar/data/1005119/000094627503000682/0000946275-03-000682-index.htm,,11/7/2003,15.31,9/30/2003,,16.0,18.25,0.25,,"350,000","816,898",17.125
"""0000021759""",10/10/2003,https://www.sec.gov//Archives/edgar/data/21759/000104746903033094/0001047469-03-033094-index.htm,,11/21/2003,3.55,10/8/2003,,3.6,4.5,0.1,,"1,100,000","7,249,188",4.05
"""0001118237""",10/30/2003,https://www.sec.gov//Archives/edgar/data/1118237/000095012403003375/0000950124-03-003375-index.htm,,12/4/2003,15.729000000000001,10/27/2003,18.5,,,,,"1,250,000","19,115,141",
"""0000351145""",11/3/2003,https://www.sec.gov//Archives/edgar/data/351145/000095014403012126/0000950144-03-012126-index.htm,,12/2/2003,24.1,10/29/2003,,26.0,28.0,0.2,,"10,000,000","45,837,980",27.0
908517,11/10/2003,https://www.sec.gov//Archives/edgar/data/908517/000104746903036591/0001047469-03-036591-index.htm,,12/10/2003,4.15,10/31/2003,5.0,,,,,"2,000,000","5,212,542",
"""0000897075""",11/19/2003,https://www.sec.gov//Archives/edgar/data/897075/000095012903005747/0000950129-03-005747-index.htm,,12/19/2003,1.68,10/16/2003,,1.83,2.1,,,"9,836,065","11,479,648",1.965
"""0000885550""",11/26/2003,https://www.sec.gov//Archives/edgar/data/885550/000095013703006154/0000950137-03-006154-index.htm,,1/6/2004,13.83,11/25/2003,,12.5,17.0,0.5,,"2,600,000","42,010,005",14.75
"""0001026816""",12/4/2003,https://www.sec.gov//Archives/edgar/data/1026816/000119312503089099/0001193125-03-089099-index.htm,,1/15/2004,16.25,11/12/2003,,16.25,18.0,0.25,,"10,000,000","244,961,119",17.125
"""0000771214""",12/10/2003,https://www.sec.gov//Archives/edgar/data/771214/000120095203000991/0001200952-03-000991-index.htm,,1/14/2004,6.28,11/19/2003,6.43,,,,,"204,200","2,041,709",
933405,12/16/2003,https://www.sec.gov//Archives/edgar/data/933405/000104746903041062/0001047469-03-041062-index.htm,,1/20/2004,13.75,12/15/2003,,13.0,15.75,0.25,,"2,638,500","24,233,953",14.375
"""0000707886""",1/28/2004,https://www.sec.gov//Archives/edgar/data/707886/000095015204000563/0000950152-04-000563-index.htm,,3/1/2004,11.45,1/21/2004,12.5,,,,,"4,000,000","34,100,902",
922408,2/6/2004,https://www.sec.gov//Archives/edgar/data/922408/000092240804000002/0000922408-04-000002-index.htm,,3/16/2004,0.18,2/2/2004,0.21,,,,,"5,000,000","16,937,367",
"""0000922408""",2/6/2004,https://www.sec.gov//Archives/edgar/data/922408/000092240804000002/0000922408-04-000002-index.htm,,3/16/2004,0.18,2/2/2004,0.21,,,,,"5,000,000","16,937,367",
"""0000701985""",2/27/2004,https://www.sec.gov//Archives/edgar/data/701985/000119312504030837/0001193125-04-030837-index.htm,,3/25/2004,20.2,2/25/2004,,19.75,22.5,0.25,,"44,444,000","518,527,895",21.125
"""0000944148""",3/4/2004,https://www.sec.gov//Archives/edgar/data/944148/000095015204001595/0000950152-04-001595-index.htm,,4/1/2004,4.5,3/2/2004,5.0,,,,,"7,500,000","85,723,711",
"""0001103126""",3/8/2004,https://www.sec.gov//Archives/edgar/data/1103126/000104746904006846/0001047469-04-006846-index.htm,,4/2/2004,23.91,3/5/2004,,23.0,25.25,0.25,,"3,600,000","33,372,880",24.125
"""0001029654""",3/16/2004,https://www.sec.gov//Archives/edgar/data/1029654/000092708904000117/0000927089-04-000117-index.htm,,4/26/2004,28.66,3/15/2004,29.0,,,,,"200,000","974,168",
"""0000737758""",3/17/2004,https://www.sec.gov//Archives/edgar/data/737758/000095012304003439/0000950123-04-003439-index.htm,,4/14/2004,56.31,3/12/2004,,56.5,60.0,0.25,,"2,500,000","24,207,860",58.25
"""0001120427""",4/6/2004,https://www.sec.gov//Archives/edgar/data/1120427/000100127704000170/0001001277-04-000170-index.htm,,5/14/2004,34.25,4/5/2004,35.0,,,,,"100,000","1,484,823",
"""0001113107""",4/16/2004,https://www.sec.gov//Archives/edgar/data/1113107/000114544304000647/0001145443-04-000647-index.htm,,5/21/2004,32.51,4/12/2004,,31.0,34.0,0.5,,"560,000","1,866,291",32.5
921503,6/7/2004,https://www.sec.gov//Archives/edgar/data/921503/000119312504099269/0001193125-04-099269-index.htm,,7/9/2004,33.43,6/4/2004,,30.0,35.0,0.25,,"4,000,000","45,678,927",32.5
"""0000778972""",6/15/2004,https://www.sec.gov//Archives/edgar/data/778972/000091431704002444/0000914317-04-002444-index.htm,,7/30/2004,27.08,6/10/2004,30.0,,,,,"500,000","5,597,205",
"""0000749251""",6/22/2004,https://www.sec.gov//Archives/edgar/data/749251/000095012304007622/0000950123-04-007622-index.htm,,7/30/2004,12.19,2/17/2004,,12.5,13.5,0.1,,"11,298,630","104,677,020",13.0
"""0001017917""",7/27/2004,https://www.sec.gov//Archives/edgar/data/1017917/000119312504125430/0001193125-04-125430-index.htm,,8/24/2004,14.9,7/21/2004,18.75,,,,,"11,200,000","26,735,699",
"""0000885550""",8/11/2004,https://www.sec.gov//Archives/edgar/data/885550/000095012404003747/0000950124-04-003747-index.htm,,9/9/2004,14.1,8/20/2004,,14.0,20.0,0.5,,"3,000,000","39,249,803",17.0
"""0000311657""",8/27/2004,https://www.sec.gov//Archives/edgar/data/311657/000031165704000023/0000311657-04-000023-index.htm,,9/28/2004,23.75,8/25/2004,,22.5,26.0,0.5,,"1,000,000","16,460,515",24.25
"""0001022438""",9/3/2004,https://www.sec.gov//Archives/edgar/data/1022438/000104746904027956/0001047469-04-027956-index.htm,,10/1/2004,13.42,9/1/2004,,13.5,15.75,0.25,,"4,444,444","37,839,106",14.625
"""0000080661""",9/14/2004,https://www.sec.gov//Archives/edgar/data/80661/000095015204006874/0000950152-04-006874-index.htm,,10/15/2004,79.25,9/10/2004,,78.0,88.0,0.5,,"17,100,000","216,975,111",83.0
"""0001163542""",9/14/2004,https://www.sec.gov//Archives/edgar/data/1163542/000094627504000846/0000946275-04-000846-index.htm,,10/15/2004,17.1,9/8/2004,,17.0,19.0,0.25,,"202,000","673,734",18.0
"""0000934739""",9/28/2004,https://www.sec.gov//Archives/edgar/data/934739/000094627504000887/0000946275-04-000887-index.htm,,10/29/2004,28.75,9/27/2004,,29.5,31.5,0.25,,"150,000","1,162,651",30.5
"""0000701985""",10/7/2004,https://www.sec.gov//Archives/edgar/data/701985/000119312504168002/0001193125-04-168002-index.htm,,11/4/2004,21.88,10/6/2004,,21.75,25.0,0.25,,"80,000,000","471,916,667",23.375
"""0000860730""",10/13/2004,https://www.sec.gov//Archives/edgar/data/860730/000095014404009665/0000950144-04-009665-index.htm,,11/10/2004,37.37,10/12/2004,,35.0,41.0,0.25,,"61,000,000","482,859,700",38.0
"""0000275053""",10/27/2004,https://www.sec.gov//Archives/edgar/data/275053/000104746904032290/0001047469-04-032290-index.htm,,11/24/2004,14.17,10/26/2004,,14.2,16.5,0.1,,"1,000,000","15,105,565",15.35
"""0000789670""",11/1/2004,https://www.sec.gov//Archives/edgar/data/789670/000095013704009275/0000950137-04-009275-index.htm,,12/13/2004,20.76,10/26/2004,23.5,,,,,"1,600,000","15,679,356",
"""0001142701""",11/4/2004,https://www.sec.gov//Archives/edgar/data/1142701/000104746904033148/0001047469-04-033148-index.htm,,12/3/2004,9.28,11/2/2003,,9.0,10.5,0.25,,"16,666,666","60,758,762",9.75
"""0001162556""",11/10/2004,https://www.sec.gov//Archives/edgar/data/1162556/000104746904033690/0001047469-04-033690-index.htm,,12/10/2004,10.17,11/4/2004,12.0,,,,,"1,040,421","10,404,212",
"""0000025354""",11/12/2004,https://www.sec.gov//Archives/edgar/data/25354/000095013704009926/0000950137-04-009926-index.htm,,12/20/2004,12.08,11/5/2004,,11.0,14.0,0.25,,"1,000,000","7,753,149",12.5
"""0001020996""",11/15/2004,https://www.sec.gov//Archives/edgar/data/1020996/000095012304013616/0000950123-04-013616-index.htm,,12/15/2004,31.874000000000002,11/5/2004,,30.0,35.0,0.5,,"500,000","10,022,083",32.5
"""0001027662""",11/23/2004,https://www.sec.gov//Archives/edgar/data/1027662/000117891304001579/0001178913-04-001579-index.htm,,12/27/2004,9.6,11/22/2004,11.4,,,,,"2,800,000","24,397,082",
1065201,12/17/2004,https://www.sec.gov//Archives/edgar/data/1065201/000119312504215480/0001193125-04-215480-index.htm,,1/18/2005,51.68,11/2/2004,,60.0,75.0,0.1,,"60,000","331,751",67.5
830656,12/27/2004,https://www.sec.gov//Archives/edgar/data/830656/000104746904038371/0001047469-04-038371-index.htm,,1/26/2005,3.07,12/20/2004,3.5,,,,,"5,500,000","6,872,915",
"""0000020629""",2/3/2005,https://www.sec.gov//Archives/edgar/data/20629/000089322005000212/0000893220-05-000212-index.htm,,3/4/2005,30.85,1/28/2005,,30.0,35.0,0.25,,"1,500,000","11,978,849",32.5
"""0001168478""",2/11/2005,https://www.sec.gov//Archives/edgar/data/1168478/000119312505026772/0001193125-05-026772-index.htm,,3/11/2005,30.23,2/9/2005,,29.0,31.5,,,"8,000,000","57,512,650",30.25
12978,3/30/2005,https://www.sec.gov//Archives/edgar/data/12978/000104746905008319/0001047469-05-008319-index.htm,,4/28/2005,33.21,3/29/2005,,30.0,34.0,,,"23,500,000","93,852,590",32.0
"""0001268671""",4/5/2005,https://www.sec.gov//Archives/edgar/data/1268671/000104746905009215/0001047469-05-009215-index.htm,,5/3/2005,18.35,4/4/2005,,18.0,18.5,0.25,,"9,000,000","28,056,485",18.25
"""0001112477""",4/12/2005,https://www.sec.gov//Archives/edgar/data/1112477/000095012405002354/0000950124-05-002354-index.htm,,5/20/2005,53.0,4/5/2005,66.0,,,,,"128,832","858,981",
"""0001141185""",4/18/2005,https://www.sec.gov//Archives/edgar/data/1141185/000104746905010563/0001047469-05-010563-index.htm,,5/18/2005,73.97,4/13/2005,,85.0,92.0,0.25,,"43,500,000","161,388,150",88.5
"""0000902277""",4/20/2005,https://www.sec.gov//Archives/edgar/data/902277/000100579405000343/0001005794-05-000343-index.htm,,5/17/2005,25.68,4/15/2005,,25.0,28.75,,,"1,739,130","38,479,224",26.875
"""0000024104""",4/22/2005,https://www.sec.gov//Archives/edgar/data/24104/000104746905011010/0001047469-05-011010-index.htm,,5/20/2005,28.22,3/23/2005,,27.5,30.5,,,"400,000","1,647,914",29.0
"""0001159297""",5/10/2005,https://www.sec.gov//Archives/edgar/data/1159297/000119312505102927/0001193125-05-102927-index.htm,,6/8/2005,30.51,5/6/2005,,28.25,32.5,0.25,,"16,000,000","205,083,779",30.375
"""0000783005""",5/16/2005,https://www.sec.gov//Archives/edgar/data/783005/000095012305006385/0000950123-05-006385-index.htm,,6/13/2005,15.45,5/9/2005,,17.25,19.75,0.25,,"20,250,000","51,938,982",18.5
"""0000878748""",5/26/2005,https://www.sec.gov//Archives/edgar/data/878748/000095013505003050/0000950135-05-003050-index.htm,,6/23/2005,30.8,5/25/2005,,30.75,34.5,0.25,,"4,878,048","27,963,724",32.625
"""0000069499""",6/16/2005,https://www.sec.gov//Archives/edgar/data/69499/000095012305007416/0000950123-05-007416-index.htm,,7/15/2005,17.7,6/13/2005,,18.0,20.5,0.25,,"48,780,487","269,448,868",19.25
891919,6/23/2005,https://www.sec.gov//Archives/edgar/data/891919/000095014405006711/0000950144-05-006711-index.htm,,7/21/2005,8.38,6/20/2005,,8.75,10.0,0.25,,"4,000,000","16,242,976",9.375
"""0000908254""",6/30/2005,https://www.sec.gov//Archives/edgar/data/908254/000095014405007073/0000950144-05-007073-index.htm,,8/11/2005,29.29,6/28/2005,,27.2,31.5,,,"10,000,000","47,143,404",29.35
"""0000753568""",7/25/2005,https://www.sec.gov//Archives/edgar/data/753568/000119312505147655/0001193125-05-147655-index.htm,,8/23/2005,15.83,7/18/2005,,15.0,17.0,0.25,,"7,058,823","42,411,048",16.0
913614,7/26/2005,https://www.sec.gov//Archives/edgar/data/913614/000107997305000510/0001079973-05-000510-index.htm,,8/25/2005,3.51,7/25/2005,4.25,,,,,"1,058,823","5,483,998",
"""0000275053""",8/5/2005,https://www.sec.gov//Archives/edgar/data/275053/000104746905020875/0001047469-05-020875-index.htm,,9/1/2005,22.28,8/4/2005,,21.0,22.25,0.25,,"500,000 ","15,530,769",21.625
"""0001017673""",8/10/2005,https://www.sec.gov//Archives/edgar/data/1017673/000119312505163390/0001193125-05-163390-index.htm,,9/8/2005,5.86,8/4/2005,7.0,,,,,"1,706,543","17,065,426",
"""0000949298""",8/12/2005,https://www.sec.gov//Archives/edgar/data/949298/000095014405008709/0000950144-05-008709-index.htm,,9/14/2005,14.6,8/10/2005,,14.5,16.75,0.25,,"4,400,000","36,704,403",15.625
"""0001001718""",8/30/2005,https://www.sec.gov//Archives/edgar/data/1001718/000095012905008846/0000950129-05-008846-index.htm,,9/28/2005,22.63,8/29/2005,,22.5,26.0,0.25,,"9,615,000","47,295,930",24.25
5117,9/7/2005,https://www.sec.gov//Archives/edgar/data/5117/000119312505181613/0001193125-05-181613-index.htm,,10/4/2005,2.45,9/6/2005,1.92,,,,,"2,864,584","17,204,134",
"""0000067215""",9/13/2005,https://www.sec.gov//Archives/edgar/data/67215/000095014405009548/0000950144-05-009548-index.htm,,10/11/2005,19.07,9/9/2005,,18.5,21.0,0.25,,"9,500,000","48,868,644",19.75
1202157,10/14/2005,https://www.sec.gov//Archives/edgar/data/1202157/000090956705001602/0000909567-05-001602-index.htm,,11/15/2005,55.89,10/3/2005,55.0,,,,,"3,000,000","30,870,181",
"""0000860730""",10/14/2005,https://www.sec.gov//Archives/edgar/data/860730/000095014405010332/0000950144-05-010332-index.htm,,11/14/2005,46.69,10/12/2005,,43.0,50.0,0.25,,"50,000,000","452,666,600",46.5
"""0000708955""",11/3/2005,https://www.sec.gov//Archives/edgar/data/708955/000119312505215628/0001193125-05-215628-index.htm,,12/2/2005,18.55,11/1/2005,,17.5,19.5,0.25,,"3,250,000","42,861,608",18.5
1090872,11/15/2005,https://www.sec.gov//Archives/edgar/data/1090872/000104746905027027/0001047469-05-027027-index.htm,,12/13/2005,32.9,11/14/2005,,32.0,37.0,0.25,,"73,000,000","503,852,191",34.5
"""0001009575""",11/23/2005,https://www.sec.gov//Archives/edgar/data/1009575/000095012305014068/0000950123-05-014068-index.htm,,12/21/2005,8.37,11/17/2005,8.2,,,,,"60,000,000","344,958,473",
"""0000065358""",12/5/2005,https://www.sec.gov//Archives/edgar/data/65358/000093041305008067/0000930413-05-008067-index.htm,,1/10/2006,22.6,11/25/2005,,23.5,24.5,0.1,,"1,000,000","8,737,242",24.0
"""0000897455""",12/15/2005,https://www.sec.gov//Archives/edgar/data/897455/000095012305014783/0000950123-05-014783-index.htm,,1/20/2006,29.0,12/12/2005,,25.5,29.5,,,"2,500,000","23,905,504",27.5
"""0000785024""",12/15/2005,https://www.sec.gov//Archives/edgar/data/785024/000091648005000170/0000916480-05-000170-index.htm,,1/31/2006,32.9,12/2/2005,36.0,,,,,"125,000","1,703,577",
"""0001162556""",12/19/2005,https://www.sec.gov//Archives/edgar/data/1162556/000104746905028412/0001047469-05-028412-index.htm,,1/19/2006,12.2,12/14/2005,14.5,,,,,"1,063,937","10,639,374",
"""0000025354""",12/30/2005,https://www.sec.gov//Archives/edgar/data/25354/000095013705015447/0000950137-05-015447-index.htm,,1/30/2006,17.76,12/21/2005,,17.0,20.0,0.25,,"1,500,000","7,875,143",18.5
"""0000944745""",1/11/2006,https://www.sec.gov//Archives/edgar/data/944745/000095015206000162/0000950152-06-000162-index.htm,,2/24/2006,19.5,1/10/2006,23.0,,,,,"500,000","5,801,402",
2135,2/9/2006,https://www.sec.gov//Archives/edgar/data/2135/000095013406002346/0000950134-06-002346-index.htm,,3/10/2006,56.24,1/25/2006,,56.0,63.0,0.25,,"55,500,000","118,302,227",59.5
"""0000885550""",2/10/2006,https://www.sec.gov//Archives/edgar/data/885550/000095012406000545/0000950124-06-000545-index.htm,,3/13/2006,20.0,2/9/2006,,21.0,25.0,0.5,,"5,000,000","37,033,536",23.0
"""0000018808""",2/13/2006,https://www.sec.gov//Archives/edgar/data/18808/000119312506028543/0001193125-06-028543-index.htm,,5/15/2006,18.62,2/6/2006,,20.5,22.5,0.25,,"2,250,000","12,297,415",21.5
"""0000087565""",3/1/2006,https://www.sec.gov//Archives/edgar/data/87565/000095015206001608/0000950152-06-001608-index.htm,,3/29/2006,23.43,2/28/2006,,21.0,24.0,0.25,,"8,750,000","31,287,303",22.5
78890,3/9/2006,https://www.sec.gov//Archives/edgar/data/78890/000095011706001102/0000950117-06-001102-index.htm,,4/6/2006,47.98,11/15/2005,,47.5,52.5,0.1,,"10,000,000","58,724,211",50.0
350698,3/10/2006,https://www.sec.gov//Archives/edgar/data/350698/000095014406002068/0000950144-06-002068-index.htm,,4/12/2006,20.89,3/6/2006,23.0,,,,,"50,000,000","262,705,497",
"""0000750686""",3/24/2006,https://www.sec.gov//Archives/edgar/data/750686/000119312506062562/0001193125-06-062562-index.htm,,4/21/2006,34.74,3/23/2006,,36.5,40.25,0.25,,"752,000","7,519,629",38.375
"""0001067294""",3/31/2006,https://www.sec.gov//Archives/edgar/data/1067294/000095014406002962/0000950144-06-002962-index.htm,,4/27/2006,44.3,3/16/2006,,42.0,46.0,0.25,,"16,750,000","47,592,415",44.0
"""0000709942""",4/4/2006,https://www.sec.gov//Archives/edgar/data/709942/000091431706000982/0000914317-06-000982-index.htm,,5/4/2006,10.0,3/17/2006,,9.9,11.4,0.1,,"650,000","11,145,937",10.65
"""0000724742""",4/27/2006,https://www.sec.gov//Archives/edgar/data/724742/000093041306003270/0000930413-06-003270-index.htm,,5/26/2006,16.86,4/26/2006,,16.0,18.0,0.25,,"3,350,000","14,933,587",17.0
"""0001058623""",5/17/2006,https://www.sec.gov//Archives/edgar/data/1058623/000095014406005146/0000950144-06-005146-index.htm,,6/14/2006,11.08,5/9/2006,,11.0,12.5,0.25,,"11,500,000","47,700,000",11.75
"""0000726513""",5/30/2006,https://www.sec.gov//Archives/edgar/data/726513/000104746906007804/0001047469-06-007804-index.htm,,6/26/2006,27.89,5/26/2006,,28.0,32.5,0.25,,"53,000,000","302,663,844",30.25
"""0000311657""",7/5/2006,https://www.sec.gov//Archives/edgar/data/311657/000107261306001502/0001072613-06-001502-index.htm,,8/2/2006,33.23,6/23/2006,35.0,,,,,"1,000,000","14,514,641",
"""0000737874""",7/10/2006,https://www.sec.gov//Archives/edgar/data/737874/000095013706007694/0000950137-06-007694-index.htm,,8/7/2006,26.2,7/6/2006,,25.5,28.5,0.1,,"15,000,000","97,900,041",27.0
"""0001010775""",7/12/2006,https://www.sec.gov//Archives/edgar/data/1010775/000095014406006605/0000950144-06-006605-index.htm,,8/21/2006,26.8,7/10/2006,,25.75,29.0,0.25,,"43,000,000","300,023,413",27.375
"""0000789019""",7/21/2006,https://www.sec.gov//Archives/edgar/data/789019/000119312506150966/0001193125-06-150966-index.htm,,8/17/2006,22.85,7/20/2006,,24.75,22.5,0.1,," 808,080,808","10,004,128,767",23.625
"""0000827809""",8/3/2006,https://www.sec.gov//Archives/edgar/data/827809/000094523406000628/0000945234-06-000628-index.htm,,9/8/2006,6.66,7/26/2006,,7.0,8.0,0.1,,"13,000,000","88,152,671",7.5
733269,8/7/2006,https://www.sec.gov//Archives/edgar/data/733269/000119312506163184/0001193125-06-163184-index.htm,,9/12/2006,24.49,8/4/2006,,25.0,27.0,0.25,,"11,111,111","88,033,832",26.0
"""0001316631""",8/11/2006,https://www.sec.gov//Archives/edgar/data/1316631/000104746906010820/0001047469-06-010820-index.htm,,9/8/2006,22.43,8/9/2006,,22.0,25.0,0.1,,"20,000,000","216,273,908",23.5
722104,8/14/2006,https://www.sec.gov//Archives/edgar/data/722104/000112528206004975/0001125282-06-004975-index.htm,,9/12/2006,5.59,8/11/2006,,5.8,6.8,0.1,,"10,000,000","61,870,000",6.3
"""0000868611""",8/15/2006,https://www.sec.gov//Archives/edgar/data/868611/000119312506173360/0001193125-06-173360-index.htm,,9/22/2006,19.73,8/11/2006,,19.5,22.0,0.25,,"25,454,545","85,434,257",20.75
"""0000051434""",8/16/2006,https://www.sec.gov//Archives/edgar/data/51434/000119312506174361/0001193125-06-174361-index.htm,,9/13/2006,34.51,8/15/2006,,32.5,36.0,0.25,,"41,666,667"," 493,159,568",34.25
913293,8/25/2006,https://www.sec.gov//Archives/edgar/data/913293/000119312506179571/0001193125-06-179571-index.htm,,9/22/2006,2.79,8/15/2006,,2.75,3.0,0.05,"30,000,000",,"35,600,159",2.875
"""0000885550""",8/28/2006,https://www.sec.gov//Archives/edgar/data/885550/000095012406004855/0000950124-06-004855-index.htm,,9/26/2006,27.87,8/25/2006,,28.0,31.5,0.5,,"3,500,000","33,362,080",29.75
"""0001355001""",8/28/2006,https://www.sec.gov//Archives/edgar/data/1355001/000095012306010960/0000950123-06-010960-index.htm,,9/26/2006,21.02,8/25/2006,,20.0,23.0,0.1,,"32,000,000",,21.5
703351,8/29/2006,https://www.sec.gov//Archives/edgar/data/703351/000110465906058001/0001104659-06-058001-index.htm,,9/26/2006,36.82,8/28/2006,,35.25,38.5,0.25,,"11,688,311","82,716,539",36.875
948072,8/31/2006,https://www.sec.gov//Archives/edgar/data/948072/000114544306002849/0001145443-06-002849-index.htm,,9/29/2006,17.75,8/30/2006,,17.5,28.0,0.25,,"175,000","2,311,719",22.75
"""0000703604""",9/8/2006,https://www.sec.gov//Archives/edgar/data/703604/000095013706009896/0000950137-06-009896-index.htm,,10/5/2006,38.16,9/6/2006,,37.5,43.0,0.25,,"1,000,000","8,997,515",40.25
"""0000949240""",9/11/2006,https://www.sec.gov//Archives/edgar/data/949240/000095014406008664/0000950144-06-008664-index.htm,,10/6/2006,8.61,9/1/2006,,9.0,9.5,0.1,,"2,222,222","24,285,839",9.25
"""0000105668""",10/18/2006,https://www.sec.gov//Archives/edgar/data/105668/000119312506209772/0001193125-06-209772-index.htm,,11/16/2006,34.57,10/17/2006,,33.0,36.0,0.25,,"22,222,222","118,109,594",34.5
"""0001009575""",10/20/2006,https://www.sec.gov//Archives/edgar/data/1009575/000095014406009665/0000950144-06-009665-index.htm,,12/4/2006,11.64,9/25/2006,12.25,,,,,"100,000,000","280,951,829",
"""0000840715""",11/6/2006,https://www.sec.gov//Archives/edgar/data/840715/000114036106015524/0001140361-06-015524-index.htm,,12/6/2006,3.45,10/27/2006,4.25,,,,,"2,353,000","12,145,068",
"""0001063254""",11/16/2006,https://www.sec.gov//Archives/edgar/data/1063254/000095014406010995/0000950144-06-010995-index.htm,,12/14/2006,5.05,11/13/2006,,4.75,5.25,0.1,"$55,000,000 ",,"71,119,730",5.0
723209,11/20/2006,https://www.sec.gov//Archives/edgar/data/723209/000089706906002452/0000897069-06-002452-index.htm,,12/19/2006,15.01,11/15/2006,16.25,,,,,"246,154","674,191",
"""0001136796""",11/21/2006,https://www.sec.gov//Archives/edgar/data/1136796/000119312506239970/0001193125-06-239970-index.htm,,12/20/2006,52.94,11/16/2006,,43.0,52.0,0.25,,"1,000,000","19,838,616",47.5
"""0000807882""",11/21/2006,https://www.sec.gov//Archives/edgar/data/807882/000089256906001401/0000892569-06-001401-index.htm,,12/19/2006,58.57,11/20/2006,,55.0,61.0,0.25,,"5,500,000","35,965,506",58.0
"""0001316631""",12/4/2006,https://www.sec.gov//Archives/edgar/data/1316631/000104746906014714/0001047469-06-014714-index.htm,,1/4/2007,26.61,11/28/2006,,26.08,29.5,0.1,,"5,084,746","196,675,276",27.79
"""0001324424""",12/11/2006,https://www.sec.gov//Archives/edgar/data/1324424/000095012306015037/0000950123-06-015037-index.htm,,1/10/2007,20.46,12/8/2006,,18.5,22.0,0.25,,"30,000,000","305,671,754",20.25
"""0001067294""",12/13/2006,https://www.sec.gov//Archives/edgar/data/1067294/000095014406011492/0000950144-06-011492-index.htm,,1/11/2007,42.97,12/6/2006,,42.0,46.0,0.25,,"5,430,000","31,346,145",44.0
"""0000105319""",12/18/2006,https://www.sec.gov//Archives/edgar/data/105319/000119312506254844/0001193125-06-254844-index.htm,,1/18/2007,47.13,12/15/2006,,47.0,54.0,0.1,,"8,300,000","97,477,075",50.5
"""0000892653""",1/3/2007,https://www.sec.gov//Archives/edgar/data/892653/000110465907000373/0001104659-07-000373-index.htm,,2/1/2007,4.1,12/26/2006,,4.8,5.3,0.1,,"472,000","2,770,252",5.05
"""0000825542""",1/10/2007,https://www.sec.gov//Archives/edgar/data/825542/000095015207000152/0000950152-07-000152-index.htm,,2/8/2007,50.83,12/11/2006,,48.5,55.5,0.5,,"4,504,504","67,668,683",52.0
"""0000069970""",1/26/2007,https://www.sec.gov//Archives/edgar/data/69970/000095015207000539/0000950152-07-000539-index.htm,,2/28/2007,36.76,1/24/2007,,35.0,38.75,0.25,,"75,000,000","632,381,603",36.875
"""0001286681""",2/7/2007,https://www.sec.gov//Archives/edgar/data/1286681/000119312507022029/0001193125-07-022029-index.htm,,3/9/2007,28.7,2/6/2007,,27.5,30.0,0.25,,"13,850,000","62,564,643",28.75
1279228,2/8/2007,https://www.sec.gov//Archives/edgar/data/1279228/000089322007000236/0000893220-07-000236-index.htm,,3/9/2007,51.28,1/29/2007,,52.0,54.0,0.125,,"1,950,000","19,349,284",53.0
"""0001306830""",3/6/2007,https://www.sec.gov//Archives/edgar/data/1306830/000095012307003269/0000950123-07-003269-index.htm,,4/3/2007,28.33,3/2/2007,,28.0,30.5,0.25,,"11,279,243","159,643,063",29.25
"""0001316631""",3/6/2007,https://www.sec.gov//Archives/edgar/data/1316631/000095013407004915/0000950134-07-004915-index.htm,,4/3/2007,28.79,2/28/2007,,28.2,31.0,0.1,,"8,064,516","191,956,430",29.6
"""0001355096""",3/7/2007,https://www.sec.gov//Archives/edgar/data/1355096/000095013407005040/0000950134-07-005040-index.htm,,4/5/2007,103.71,2/27/2007,,105.0,113.0,0.1,,"8,470,710","134,503,546",109.0
"""0000730030""",3/19/2007,https://www.sec.gov//Archives/edgar/data/730030/000089322007000806/0000893220-07-000806-index.htm,,4/13/2007,44.74,3/13/2007,,46.0,52.0,1.0,,"110,000","1,851,518",49.0
"""0001063254""",3/21/2007,https://www.sec.gov//Archives/edgar/data/1063254/000095014407002490/0000950144-07-002490-index.htm,,4/19/2007,6.05,3/19/2007,,5.25,5.75,0.1,"$55,000,000 ",,"61,626,820",5.5
"""0000064803""",3/28/2007,https://www.sec.gov//Archives/edgar/data/64803/000119312507067414/0001193125-07-067414-index.htm,,4/24/2007,31.32,3/7/2007,35.0,,,,,"150,000,000","1,541,260,791",
"""0000357173""",4/17/2007,https://www.sec.gov//Archives/edgar/data/357173/000110465907028676/0001104659-07-028676-index.htm,,5/15/2007,27.96,4/12/2007,30.0,,,,,"833,333","13,110,423",
"""0000880804""",4/23/2007,https://www.sec.gov//Archives/edgar/data/880804/000093041307003710/0000930413-07-003710-index.htm,,5/21/2007,11.25,4/19/2007,12.65,,,,,"11,857,707","70,362,492",
"""0000726513""",4/25/2007,https://www.sec.gov//Archives/edgar/data/726513/000104746907003189/0001047469-07-003189-index.htm,,5/24/2007,32.11,3/30/2007,34.0,,,,,"126,000,000","240,573,299",
1264707,5/9/2007,https://www.sec.gov//Archives/edgar/data/1264707/000095012407002782/0000950124-07-002782-index.htm,,6/7/2007,18.63,5/8/2007,,18.25,20.0,0.25,,"1,858,000","34,698,625",19.125
"""0001019737""",5/9/2007,https://www.sec.gov//Archives/edgar/data/1019737/000119312507107014/0001193125-07-107014-index.htm,,6/7/2007,18.99,4/25/2007,,19.5,22.5,0.25,,"10,500,000","58,100,000",21.0
"""0001101302""",5/11/2007,https://www.sec.gov//Archives/edgar/data/1101302/000119312507111241/0001193125-07-111241-index.htm,,6/8/2007,10.33,5/9/2007,,11.0,12.25,0.05,,"20,408,163","135,322,910",11.625
"""0001355096""",5/15/2007,https://www.sec.gov//Archives/edgar/data/1355096/000095013407011682/0000950134-07-011682-index.htm,,6/12/2007,23.81,5/8/2007,,23.75,25.75,0.1,,"19,417,476","621,670,949",24.75
"""0001016831""",5/17/2007,https://www.sec.gov//Archives/edgar/data/1016831/000119312507117914/0001193125-07-117914-index.htm,,6/15/2007,6.0,5/14/2007,,6.0,6.5,0.05,,"850,000","4,364,332",6.25
"""0000069680""",5/29/2007,https://www.sec.gov//Archives/edgar/data/69680/000095013507003394/0000950135-07-003394-index.htm,,6/28/2007,8.82,5/25/2007,10.5,,,,,"1,900,000","6,261,109",
875045,5/30/2007,https://www.sec.gov//Archives/edgar/data/875045/000095013507003417/0000950135-07-003417-index.htm,,6/26/2007,49.21,5/29/2007,,47.0,53.0,0.25,,"56,603,773","343,161,482",50.0
933974,6/1/2007,https://www.sec.gov//Archives/edgar/data/933974/000119312507127601/0001193125-07-127601-index.htm,,6/28/2007,17.69,5/31/2007,,16.5,19.0,0.1,,"6,060,000","76,101,747",17.75
"""0000896400""",6/8/2007,https://www.sec.gov//Archives/edgar/data/896400/000119312507132070/0001193125-07-132070-index.htm,,7/10/2007,11.87,5/25/2007,,12.25,13.5,0.1,"$25,000,000 ",,"27,866,402",12.875
"""0000073773""",6/20/2007,https://www.sec.gov//Archives/edgar/data/73773/000113379607000184/0001133796-07-000184-index.htm,,7/24/2007,12.5,6/8/2007,,13.0,14.75,0.25,,"300,000","2,909,338",13.875
"""0001324424""",6/29/2007,https://www.sec.gov//Archives/edgar/data/1324424/000089102007000187/0000891020-07-000187-index.htm,,8/8/2007,29.49,6/28/2007,,27.5,30.0,0.25,,"116,666,665","278,170,459",28.75
"""0000925528""",6/29/2007,https://www.sec.gov//Archives/edgar/data/925528/000114420407034475/0001144204-07-034475-index.htm,,8/15/2007,1.12,6/28/2007,1.12,,,,,"1,167,400","25,915,464",
"""0000316709""",7/3/2007,https://www.sec.gov//Archives/edgar/data/316709/000119312507148732/0001193125-07-148732-index.htm,,7/31/2007,20.52,6/29/2007,,19.5,22.5,0.1,,"84,000,000","1,252,454,625",21.0
"""0000715957""",7/10/2007,https://www.sec.gov//Archives/edgar/data/715957/000119312507152107/0001193125-07-152107-index.htm,,8/7/2007,83.55,6/27/2007,,82.0,92.0,0.25,,"55,000,000","348,905,095",87.0
"""0000354950""",7/10/2007,https://www.sec.gov//Archives/edgar/data/354950/000095014407006473/0000950144-07-006473-index.htm,,8/16/2007,40.23,7/9/2007,,39.0,44.0,0.25,,"250,000,000","1,975,115,495",41.5
"""0000713095""",7/19/2007,https://www.sec.gov//Archives/edgar/data/713095/000119380507001874/0001193805-07-001874-index.htm,,8/16/2007,28.67,7/16/2007,,31.0,35.0,0.25,,"550,000","7,886,505",33.0
"""0001156375""",8/1/2007,https://www.sec.gov//Archives/edgar/data/1156375/000119312507167751/0001193125-07-167751-index.htm,,8/29/2007,497.95,5/10/2007,560.0,,,,,"6,250,000","54,763,959",
760498,8/3/2007,https://www.sec.gov//Archives/edgar/data/760498/000119312507170590/0001193125-07-170590-index.htm,,9/4/2007,40.59,8/1/2007,,39.5,45.0,0.25,,"500,000","15,724,536",42.25
"""0001168478""",8/8/2007,https://www.sec.gov//Archives/edgar/data/1168478/000119312507175268/0001193125-07-175268-index.htm,,9/5/2007,29.65,8/6/2007,,28.75,32.0,,,"15,625,000","107,520,453",30.375
"""0001316631""",8/10/2007,https://www.sec.gov//Archives/edgar/data/1316631/000103570407000594/0001035704-07-000594-index.htm,,9/10/2007,42.11,8/2/2007,,40.0,44.0,0.1,,"5,682,000","185,283,655",42.0
"""0001123735""",8/14/2007,https://www.sec.gov//Archives/edgar/data/1123735/000119312507182750/0001193125-07-182750-index.htm,,9/28/2007,23.0,8/9/2007,26.0,,,,,"200,000","1,375,278",
"""0000718130""",8/14/2007,https://www.sec.gov//Archives/edgar/data/718130/000119312507182934/0001193125-07-182934-index.htm,,9/11/2007,24.65,8/13/2007,27.0,,,,,"1,850,000","11,281,812",
"""0000749098""",8/14/2007,https://www.sec.gov//Archives/edgar/data/749098/000104746907006540/0001047469-07-006540-index.htm,,9/20/2007,84.0,8/10/2007,,76.5,91.5,0.1,"$1,536,600,000 ",,"109,463,768",84.0
723209,8/15/2007,https://www.sec.gov//Archives/edgar/data/723209/000089706907001674/0000897069-07-001674-index.htm,,9/13/2007,14.85,8/10/2007,14.0,,,,,"300,000","414,617",
"""0000854701""",8/15/2007,https://www.sec.gov//Archives/edgar/data/854701/000119312507183391/0001193125-07-183391-index.htm,,9/14/2007,5.95,8/14/2007,,5.7,6.3,0.05,"$30,000,000 ",,"37,825,577",6.0
78749,8/21/2007,https://www.sec.gov//Archives/edgar/data/78749/000095015207007008/0000950152-07-007008-index.htm,,9/19/2007,15.63,8/20/2007,,16.25,18.5,0.25,,"6,000,000","31,437,014",17.375
902272,8/24/2007,https://www.sec.gov//Archives/edgar/data/902272/000111667907002238/0001116679-07-002238-index.htm,,9/21/2007,15.6,8/17/2007,,15.1,16.85,0.25,,"496,688","5,523,096",15.975000000000001
"""0001080667""",8/30/2007,https://www.sec.gov//Archives/edgar/data/1080667/000104746907006757/0001047469-07-006757-index.htm,,9/28/2007,5.01,8/28/2007,,4.9,5.5,0.05,,"9,100,000","33,232,969",5.2
3370,11/21/2007,https://www.sec.gov//Archives/edgar/data/3370/000119312507252247/0001193125-07-252247-index.htm,,12/19/2007,10.77,11/19/2007,,13.0,15.0,0.25,"295,000,000",,"116,021,508",14.0
"""0001077866""",1/15/2008,https://www.sec.gov//Archives/edgar/data/1077866/000119312508006856/0001193125-08-006856-index.htm,,2/13/2008,2.78,12/18/2007,,3.4,4.15,0.25,,"4,825,000","22,924,615",3.7750000000000004
"""0000924940""",2/12/2008,https://www.sec.gov//Archives/edgar/data/924940/000095013708001978/0000950137-08-001978-index.htm,,3/11/2008,4.86,2/8/2008,,5.25,6.0,0.05,,"5,000,000","29,581,989",5.625
"""0000021510""",2/15/2008,https://www.sec.gov//Archives/edgar/data/21510/000104746908001443/0001047469-08-001443-index.htm,,3/17/2008,26.55,2/11/2008,,26.0,29.5,,,"7,628,000","31,542,990",27.75
"""0000913241""",2/20/2008,https://www.sec.gov//Archives/edgar/data/913241/000101905608000298/0001019056-08-000298-index.htm,,3/18/2008,16.78,2/15/2008,,16.5,20.0,0.5,,"2,600,000","20,117,983",18.25
"""0001092006""",2/21/2008,https://www.sec.gov//Archives/edgar/data/1092006/000119312508034726/0001193125-08-034726-index.htm,,3/20/2008,19.02,2/19/2008,,18.0,20.0,0.25,,"4,000,000","24,998,755",19.0
"""0000768262""",3/10/2008,https://www.sec.gov//Archives/edgar/data/768262/000089161808000161/0000891618-08-000161-index.htm,,4/7/2008,27.28,2/25/2008,,28.0,30.0,0.25,,"10,000,000","89,180,118",29.0
"""0001170833""",3/13/2008,https://www.sec.gov//Archives/edgar/data/1170833/000110465908017318/0001104659-08-017318-index.htm,,4/28/2008,9.6,3/12/2008,13.0,,,,,"1,000,000","7,662,715",
"""0001292470""",5/14/2008,https://www.sec.gov//Archives/edgar/data/1292470/000119312508114595/0001193125-08-114595-index.htm,,6/13/2008,7.7,5/13/2008,,7.45,8.05,0.1,,"6,211,180","30,735,015",7.75
812482,5/19/2008,https://www.sec.gov//Archives/edgar/data/812482/000113379608000181/0001133796-08-000181-index.htm,,6/20/2008,35.0,5/13/2008,40.0,,,,,"600,000","6,348,781",
"""0001295810""",6/2/2008,https://www.sec.gov//Archives/edgar/data/1295810/000119312508126357/0001193125-08-126357-index.htm,,6/27/2018,19.25,5/30/2008,,18.65,21.15,0.25,,"6,200,000","58,715,226",19.9
"""0001067701""",6/17/2008,https://www.sec.gov//Archives/edgar/data/1067701/000095012308006947/0000950123-08-006947-index.htm,,7/16/2008,19.5,6/9/2008,,22.0,25.0,0.25,,"27,160,000","86,439,761",23.5
"""0000768411""",6/30/2008,https://www.sec.gov//Archives/edgar/data/768411/000089710108001447/0000897101-08-001447-index.htm,,7/29/2008,8.6,6/23/2008,,8.75,10.75,0.25,,"1,714,285","8,215,914",9.75
"""0000107294""",7/3/2008,https://www.sec.gov//Archives/edgar/data/107294/000095013308002366/0000950133-08-002366-index.htm,,8/18/2008,1.36,6/26/2008,2.75,,,,,100,"3,690,029",
"""0000886206""",7/29/2008,https://www.sec.gov//Archives/edgar/data/886206/000104746908008480/0001047469-08-008480-index.htm,,8/27/2008,7.68,5/22/2008,,9.0,10.5,0.25,"$28,000,000 ",,"19,615,444",9.75
"""0001078271""",8/11/2008,https://www.sec.gov//Archives/edgar/data/1078271/000119312508172593/0001193125-08-172593-index.htm,,9/12/2008,3.18,8/8/2008,,3.3,3.7,0.05,"$100,000,000 ",,"116,446,543",3.5
"""0000840715""",8/18/2008,https://www.sec.gov//Archives/edgar/data/840715/000114036108019712/0001140361-08-019712-index.htm,,9/16/2008,3.74,8/8/2008,,4.0,5.0,0.05,,"2,000,000","10,229,035",4.5
"""0001016470""",8/29/2008,https://www.sec.gov//Archives/edgar/data/1016470/000104746908009760/0001047469-08-009760-index.htm,,9/29/2008,5.0,8/6/2008,,5.75,6.5,0.25,"$10,000,000 ",,"15,776,115",6.125
835540,10/20/2008,https://www.sec.gov//Archives/edgar/data/835540/000083554008000023/0000835540-08-000023-index.htm,,11/17/2008,3.51,10/17/2008,,4.0,5.0,0.125,,"600,000","6,813,007",4.5
"""0001009575""",10/27/2008,https://www.sec.gov//Archives/edgar/data/1009575/000095014408007815/0000950144-08-007815-index.htm,,11/25/2008,7.79,10/21/2008,8.8,,,,,"80,000,000","184,642,649",
1062478,11/5/2008,https://www.sec.gov//Archives/edgar/data/1062478/000095013408019483/0000950134-08-019483-index.htm,,12/5/2008,2.85,10/31/2008,,3.15,3.4,0.05,"60,000,000",,"60,865,628",3.275
"""0001088033""",11/7/2008,https://www.sec.gov//Archives/edgar/data/1088033/000119312508228704/0001193125-08-228704-index.htm,,12/9/2008,13.15,11/6/2008,,12.5,14.5,0.25,,"9,656,000","105,924,577",13.5
"""0000827809""",12/5/2008,https://www.sec.gov//Archives/edgar/data/827809/000090956708001247/0000909567-08-001247-index.htm,,1/15/2009,1.9,11/28/2008,,2.2,2.5,0.1,"50,000,000",,"74,620,328",2.35
1015739,3/5/2009,https://www.sec.gov//Archives/edgar/data/1015739/000118811209000495/0001188112-09-000495-index.htm,,4/2/2009,1.72,3/3/2009,,1.8,2.6,,,"3,500,000","23,281,204",2.2
"""0000915324""",5/18/2009,https://www.sec.gov//Archives/edgar/data/915324/000095015209005363/0000950152-09-005363-index.htm,,6/16/2009,1.9,5/15/2009,,2.0,2.25,,,"2,000,000","17,242,879 ",2.125
"""0001088033""",6/2/2009,https://www.sec.gov//Archives/edgar/data/1088033/000119312509122922/0001193125-09-122922-index.htm,,6/30/2009,13.24,6/1/2009,,12.5,14.0,0.25,,"10,715,000","94,627,801",13.25
"""0000107454""",8/10/2009,https://www.sec.gov//Archives/edgar/data/107454/000114420409041438/0001144204-09-041438-index.htm,,9/4/2009,1.63,8/7/2009,2.0,,,,,"4,000,000","8,050,414",
"""0000909494""",8/20/2009,https://www.sec.gov//Archives/edgar/data/909494/000104746909007910/0001047469-09-007910-index.htm,,9/18/2009,0.54,8/19/2009,,0.4,0.6,0.01,,"5,000,000","67,865,496",0.5
"""0001036141""",9/1/2009,https://www.sec.gov//Archives/edgar/data/1036141/000095012309040153/0000950123-09-040153-index.htm,,10/6/2009,4.24,8/25/2009,,4.25,5.1,,"27,500,000",,"64,361,746",4.675
"""0001326583""",11/10/2009,https://www.sec.gov//Archives/edgar/data/1326583/000095012309060880/0000950123-09-060880-index.htm,,12/10/2009,34.26,11/3/2009,37.0,,,,,"5,700,000","57,780,881",
"""0001068796""",11/13/2009,https://www.sec.gov//Archives/edgar/data/1068796/000119312509233620/0001193125-09-233620-index.htm,,12/11/2009,5.03,11/12/2009,,5.3,6.1,,,"6,557,377","39,386,342",5.699999999999999
"""0000867374""",11/20/2009,https://www.sec.gov//Archives/edgar/data/867374/000119312509238780/0001193125-09-238780-index.htm,,12/18/2009,11.59,11/19/2009,,11.25,12.75,0.1,,"4,500,000","49,678,429",12.0
"""0000909494""",12/14/2009,https://www.sec.gov//Archives/edgar/data/909494/000104746909010734/0001047469-09-010734-index.htm,,1/13/2010,0.65,12/11/2009,,0.61,0.7,0.01,,"5,000,000","67,080,353",0.655
"""0001055355""",1/19/2010,https://www.sec.gov//Archives/edgar/data/1055355/000119312510008132/0001193125-10-008132-index.htm,,2/19/2010,26.1,1/8/2010,,26.1,30.0,0.1,,"3,831,417","17,363,186",28.05
"""0001089044""",1/29/2010,https://www.sec.gov//Archives/edgar/data/1089044/000119312510016929/0001193125-10-016929-index.htm,,3/1/2010,4.18,1/28/2010,4.6,,,,,"15,000,000","51,487,523",
"""0001057698""",2/19/2010,https://www.sec.gov//Archives/edgar/data/1057698/000095012310014409/0000950123-10-014409-index.htm,,3/29/2010,8.1,2/18/2010,,8.1,9.3,0.05,"450,000,000",,"120,137,829",8.7
"""0001326583""",3/11/2010,https://www.sec.gov//Archives/edgar/data/1326583/000095012310023620/0000950123-10-023620-index.htm,,4/8/2010,43.78,3/8/2010,45.8,,,,,"5,800,000","53,503,306",
"""0001348259""",5/10/2010,https://www.sec.gov//Archives/edgar/data/1348259/000095012310047284/0000950123-10-047284-index.htm,,6/8/2010,23.75,5/6/2010,,24.0,27.5,0.25,"$300,000,000 ",,"123,664,337",25.75
"""0000885550""",6/18/2010,https://www.sec.gov//Archives/edgar/data/885550/000095012310059096/0000950123-10-059096-index.htm,,7/19/2010,47.29,6/17/2010,50.0,,,,,"4,000,000","31,020,206",
"""0001110650""",6/30/2010,https://www.sec.gov//Archives/edgar/data/1110650/000095016210000201/0000950162-10-000201-index.htm,,7/28/2010,8.04,6/28/2010,9.0,,,,,"11,121,000","44,649,759",
"""0001136893""",7/6/2010,https://www.sec.gov//Archives/edgar/data/1136893/000095012310063756/0000950123-10-063756-index.htm,,8/3/2010,26.41,7/2/2010,,29.0,31.0,0.25,"2,500,000,000",,"379,147,170",30.0
"""0000726958""",7/29/2010,https://www.sec.gov//Archives/edgar/data/726958/000119312510170510/0001193125-10-170510-index.htm,,8/25/2010,36.5,7/27/2010,,38.0,40.0,0.25,"500,000,000",,"50,968,662",39.0
"""0001326583""",8/10/2010,https://www.sec.gov//Archives/edgar/data/1326583/000095012310075604/0000950123-10-075604-index.htm,,9/8/2010,47.25,8/4/2010,52.0,,,,,"3,000,000","59,370,055",
"""0000089270""",9/15/2010,https://www.sec.gov//Archives/edgar/data/89270/000092189510001368/0000921895-10-001368-index.htm,,10/13/2010,13.17,9/14/2010,,13.0,14.5,0.25,"$20,000,000 ",,"6,064,010",13.75
"""0000909494""",9/17/2010,https://www.sec.gov//Archives/edgar/data/909494/000104746910008140/0001047469-10-008140-index.htm,,10/19/2010,0.62,9/8/2010,,0.61,0.7,0.01,,"2,900,000","57,362,236",0.655
14846,9/22/2010,https://www.sec.gov//Archives/edgar/data/14846/000104746910008229/0001047469-10-008229-index.htm,,10/20/2010,5.16,9/20/2010,6.3,,,,,"2,500,000","14,080,186",
"""0000849869""",10/8/2010,https://www.sec.gov//Archives/edgar/data/849869/000119312510226619/0001193125-10-226619-index.htm,,11/8/2010,32.23,10/7/2010,,31.25,35.25,,"$175,000,000 ",,"76,786,941",33.25
"""0000880804""",10/27/2010,https://www.sec.gov//Archives/edgar/data/880804/000089109210004537/0000891092-10-004537-index.htm,,12/3/2010,6.2,10/26/2010,,6.75,7.75,0.25,"$50,000,000 ",,"60,407,208",7.25
"""0001075736""",11/3/2010,https://www.sec.gov//Archives/edgar/data/1075736/000135448810003328/0001354488-10-003328-index.htm,,12/2/2010,3.36,7/27/2010,,4.35,4.75,0.1,"4,750,000",,"11,402,341",4.55
"""0001452217""",11/8/2010,https://www.sec.gov//Archives/edgar/data/1452217/000119312510251161/0001193125-10-251161-index.htm,,12/8/2010,27.97,11/3/2010,,24.5,27.5,0.25,"$130,000,000 ",,"18,255,698",26.0
"""0001348259""",11/8/2010,https://www.sec.gov//Archives/edgar/data/1348259/000095012310102530/0000950123-10-102530-index.htm,,12/8/2010,29.57,11/4/2010,30.0,,,,,"7,945,400","111,202,908",
"""0001293282""",11/9/2010,https://www.sec.gov//Archives/edgar/data/1293282/000104746910009474/0001047469-10-009474-index.htm,,12/9/2010,5.13,11/5/2010,6.0,,,,,"10,000,000","42,652,132",
"""0001434621""",11/18/2010,https://www.sec.gov//Archives/edgar/data/1434621/000104746910009890/0001047469-10-009890-index.htm,,12/17/2010,6.86,11/17/2010,,7.25,7.75,0.1,"$15,000,000 ",,"11,080,929",7.5
"""0001294649""",12/1/2010,https://www.sec.gov//Archives/edgar/data/1294649/000095012310110088/0000950123-10-110088-index.htm,,12/29/2010,2.35,11/29/2010,2.4,,,,,"10,000,000","14,456,201",
"""0000900075""",12/15/2010,https://www.sec.gov//Archives/edgar/data/900075/000114544310002830/0001145443-10-002830-index.htm,,1/14/2011,34.81,12/13/2010,38.0,,,,,"10,526,315","82,214,227",
"""0000885550""",2/9/2011,https://www.sec.gov//Archives/edgar/data/885550/000095012311010747/0000950123-11-010747-index.htm,,3/10/2011,62.82,2/8/2011,65.625,,,,,"1,904,761","27,303,946",
"""0000021510""",2/10/2011,https://www.sec.gov//Archives/edgar/data/21510/000104746911000703/0001047469-11-000703-index.htm,,3/11/2011,56.12,2/8/2011,,53.0,59.0,,,"1,271,000","25,374,176",56.0
2491,4/8/2011,https://www.sec.gov//Archives/edgar/data/2491/000104746911003398/0001047469-11-003398-index.htm,,5/6/2011,37.68,4/7/2011,,34.5,40.0,0.25,"400,000,000",,"52,916,823",37.25
"""0001294649""",4/27/2011,https://www.sec.gov//Archives/edgar/data/1294649/000095012311039937/0000950123-11-039937-index.htm,,5/25/2011,2.46,4/25/2011,2.6,,,,,"7,500,000","13,507,820",
"""0000065358""",6/24/2011,https://www.sec.gov//Archives/edgar/data/65358/000138713111001123/0001387131-11-001123-index.htm,,7/25/2011,27.34,6/16/2011,30.0,,,,,"3,600,000","9,194,931",
"""0001371446""",8/2/2011,https://www.sec.gov//Archives/edgar/data/1371446/000119312511205829/0001193125-11-205829-index.htm,,8/29/2011,2.93,8/1/2011,3.05,,,,,"5,000,000","60,736,007",
"""0000776867""",8/18/2011,https://www.sec.gov//Archives/edgar/data/776867/000104746911007509/0001047469-11-007509-index.htm,,9/15/2011,403.0,8/16/2011,,385.0,435.0,1.0,,"300,000","7,958,589",410.0
782842,9/14/2011,https://www.sec.gov//Archives/edgar/data/782842/000104746911008011/0001047469-11-008011-index.htm,,11/2/2011,1.04,9/12/2011,,1.3,1.55,0.05,,"10,000,000","127,553,267",1.425
"""0000776867""",10/17/2011,https://www.sec.gov//Archives/edgar/data/776867/000104746911008526/0001047469-11-008526-index.htm,,11/14/2011,411.12,10/13/2011,,385.0,425.0,1.0,,"300,000","7,630,717",405.0
"""0001265888""",11/3/2011,https://www.sec.gov//Archives/edgar/data/1265888/000119312511293874/0001193125-11-293874-index.htm,,12/2/2011,31.52,11/2/2011,,31.25,36.0,0.25,"250,000,000",,"72,587,383",33.625
318154,11/8/2011,https://www.sec.gov//Archives/edgar/data/318154/000119312511300937/0001193125-11-300937-index.htm,,12/7/2011,55.17,11/7/2011,,54.0,60.0,0.25,"5,000,000,000",,"876,795,191",57.0
"""0000914024""",11/8/2011,https://www.sec.gov//Archives/edgar/data/914024/000095012311096334/0000950123-11-096334-index.htm,,12/8/2011,22.18,10/28/2011,,22.25,25.25,0.25,"$150,000,000 ",,"71,337,807",23.75
"""0001371446""",12/1/2011,https://www.sec.gov//Archives/edgar/data/1371446/000119312511326394/0001193125-11-326394-index.htm,,12/28/2011,2.03,11/29/2011,,1.8,2.0,0.05,,"5,000,000","54,784,406",1.9
"""0001332639""",12/13/2011,https://www.sec.gov//Archives/edgar/data/1332639/000119312511338868/0001193125-11-338868-index.htm,,1/11/2012,10.45,12/12/2011,15.0,,,,,"10,000,000","69,620,060",
"""0000909494""",12/20/2011,https://www.sec.gov//Archives/edgar/data/909494/000143774911009657/0001437749-11-009657-index.htm,,1/20/2012,0.75,12/14/2011,,0.73,0.77,0.01,,"6,500,000","53,497,634",0.75
895655,1/26/2012,https://www.sec.gov//Archives/edgar/data/895655/000119312512024200/0001193125-12-024200-index.htm,,2/23/2012,30.71,1/23/2012,,30.0,33.0,0.25,"500,000,000",,"91,448,519",31.5
"""0001437226""",2/7/2012,https://www.sec.gov//Archives/edgar/data/1437226/000119312512043294/0001193125-12-043294-index.htm,,3/7/2012,4.57,2/6/2012,,4.65,5.5,0.05,,"608,000","3,569,102",5.075
"""0000105319""",2/23/2012,https://www.sec.gov//Archives/edgar/data/105319/000119312512074628/0001193125-12-074628-index.htm,,3/22/2012,78.71,2/22/2012,,72.0,83.0,0.25,"$720,000,000 ",,"73,603,403",77.5
"""0000776867""",2/24/2012,https://www.sec.gov//Archives/edgar/data/776867/000104746912001483/0001047469-12-001483-index.htm,,3/22/2012,496.15,2/23/2012,500.0,,,,,"1,000,000","7,455,585",
"""0001012771""",2/28/2012,https://www.sec.gov//Archives/edgar/data/1012771/000104746912001663/0001047469-12-001663-index.htm,,3/27/2012,32.97,2/24/2012,,33.0,35.0,0.25,"$140,000,000 ",,"29,522,246",34.0
"""0001326583""",3/6/2012,https://www.sec.gov//Archives/edgar/data/1326583/000119312512099218/0001193125-12-099218-index.htm,,4/3/2012,25.27,2/23/2012,,24.5,26.0,,"$150,000,000 ",,"56,868,317",25.25
"""0000860518""",3/16/2012,https://www.sec.gov//Archives/edgar/data/860518/000114420412015618/0001144204-12-015618-index.htm,,4/13/2012,3.4,3/15/2012,4.2,,,,,"1,000,000","4,040,925",
"""0001432150""",3/28/2012,https://www.sec.gov//Archives/edgar/data/1432150/000119312512136127/0001193125-12-136127-index.htm,,4/24/2012,2.7,3/27/2012,,2.85,3.1,0.01,"$2,000,000 ",,"21,587,343",2.975
"""0001348259""",5/7/2012,https://www.sec.gov//Archives/edgar/data/1348259/000119312512215479/0001193125-12-215479-index.htm,,6/5/2012,32.11,5/2/2012,,30.5,33.5,0.25,"$200,000,000 ",,"99,343,415",32.0
"""0001371446""",5/9/2012,https://www.sec.gov//Archives/edgar/data/1371446/000119312512221813/0001193125-12-221813-index.htm,,6/6/2012,2.68,5/7/2012,,2.75,3.0,0.05,,"4,000,000","55,355,212",2.875
"""0001494904""",5/9/2012,https://www.sec.gov//Archives/edgar/data/1494904/000119312512222483/0001193125-12-222483-index.htm,,6/8/2012,19.34,5/8/2012,,19.25,22.0,0.25,"$61,000,000 ",,"16,396,965",20.625
"""0001009829""",5/25/2012,https://www.sec.gov//Archives/edgar/data/1009829/000114420412031879/0001144204-12-031879-index.htm,,6/27/2012,17.95,5/24/2012,20.0,,,,,"4,000,000","26,019,087",
"""0000089270""",5/30/2012,https://www.sec.gov//Archives/edgar/data/89270/000092189512001193/0000921895-12-001193-index.htm,,6/27/2012,11.44,5/29/2012,,12.0,13.5,0.25,"$10,000,000 ",,"4,427,875",12.75
"""0000885550""",6/1/2012,https://www.sec.gov//Archives/edgar/data/885550/000119312512256452/0001193125-12-256452-index.htm,,6/29/2012,84.74,5/31/2012,84.45,,,,,"1,000,000","25,542,546",
"""0001019272""",6/4/2012,https://www.sec.gov//Archives/edgar/data/1019272/000093041312003410/0000930413-12-003410-index.htm,,6/29/2012,2.75,5/31/2012,3.0,,,,,"1,000,000","9,194,925",
"""0000795551""",6/12/2012,https://www.sec.gov//Archives/edgar/data/795551/000118811212001933/0001188112-12-001933-index.htm,,7/11/2012,1.76,6/11/2012,,2.0,2.4,0.1,"$10,000,000 ",,"34,729,901",2.2
1468516,6/28/2012,https://www.sec.gov//Archives/edgar/data/1468516/000119312512286617/0001193125-12-286617-index.htm,,8/2/2012,27.31,6/27/2012,,27.0,30.0,0.25,"400,000,000",,"93,893,863",28.5
"""0000072444""",7/2/2012,https://www.sec.gov//Archives/edgar/data/72444/000119312512291057/0001193125-12-291057-index.htm,,7/30/2012,1.58,6/29/2012,,1.58,1.72,0.02,"23,000,000",,"42,876,030",1.65
"""0000924717""",8/6/2012,https://www.sec.gov//Archives/edgar/data/924717/000119312512336337/0001193125-12-336337-index.htm,,9/5/2012,15.94,7/31/2012,,17.0,19.0,0.25,"$55,000,000 ",,"17,544,156",18.0
"""0001030894""",10/29/2012,https://www.sec.gov//Archives/edgar/data/1030894/000104746912009837/0001047469-12-009837-index.htm,,12/3/2012,7.13,10/22/2012,,7.0,8.0,0.1,"175,000,000",,"186,205,220",7.5
"""0001371446""",11/5/2012,https://www.sec.gov//Archives/edgar/data/1371446/000119312512451980/0001193125-12-451980-index.htm,,12/3/2012,2.98,11/2/2012,,3.0,3.25,0.05,,"4,000,000","48,952,185",3.125
"""0001006045""",11/7/2012,https://www.sec.gov//Archives/edgar/data/1006045/000104746912010141/0001047469-12-010141-index.htm,,12/7/2012,3.76,11/5/2012,4.1,,,,,"487,500","8,938,871",
"""0000849869""",11/19/2012,https://www.sec.gov//Archives/edgar/data/849869/000119312512474983/0001193125-12-474983-index.htm,,12/18/2012,41.34,11/16/2012,,40.75,45.25,0.25,"$250,000,000 ",,"69,203,967",43.0
1000753,11/26/2012,https://www.sec.gov//Archives/edgar/data/1000753/000119312512480193/0001193125-12-480193-index.htm,,12/21/2012,28.29,11/23/2012,,27.0,31.0,0.25,"50,000,000",,"25,662,001",29.0
"""0000751978""",11/26/2012,https://www.sec.gov//Archives/edgar/data/751978/000119312512480124/0001193125-12-480124-index.htm,,12/21/2012,5.12,11/16/2012,,4.3,5.38,,"$20,000,000 ",,"30,043,777",4.84
"""0000909494""",11/29/2012,https://www.sec.gov//Archives/edgar/data/909494/000143774912012294/0001437749-12-012294-index.htm,,1/4/2013,1.12,11/13/2012,,1.35,1.5,0.01,,"6,500,000","44,261,684",1.425
"""0001030471""",11/30/2012,https://www.sec.gov//Archives/edgar/data/1030471/000104746912010882/0001047469-12-010882-index.htm,,1/3/2013,0.92,11/29/2012,1.2,,,,,"25,000,000","143,695,796",
"""0001078217""",12/18/2012,https://www.sec.gov//Archives/edgar/data/1078217/000104746912011306/0001047469-12-011306-index.htm,,1/23/2013,8.25,12/14/2012,,8.3,9.3,0.05,"$300,000,000 ",,"282,291,947",8.8
"""0000785161""",2/20/2013,https://www.sec.gov//Archives/edgar/data/785161/000119312513066145/0001193125-13-066145-index.htm,,3/19/2013,24.09,2/19/2013,,22.5,25.5,,"$350,000,000 ",,"95,488,898",24.0
"""0000751978""",3/21/2013,https://www.sec.gov//Archives/edgar/data/751978/000119312513118318/0001193125-13-118318-index.htm,,4/22/2013,4.77,3/15/2013,,4.0,5.0,,,"2,500,000","28,011,782",4.5
"""0001023313""",4/3/2013,https://www.sec.gov//Archives/edgar/data/1023313/000119312513139570/0001193125-13-139570-index.htm,,5/1/2013,31.65,3/28/2013,,32.0,36.0,0.25,"$130,000,000 ",,"22,335,292",34.0
"""0001320461""",4/5/2013,https://www.sec.gov//Archives/edgar/data/1320461/000119312513143064/0001193125-13-143064-index.htm,,5/2/2013,41.6,4/4/2013,43.0,,,,,"4,651,162","16,958,820",
"""0000851310""",4/26/2013,https://www.sec.gov//Archives/edgar/data/851310/000119312513175411/0001193125-13-175411-index.htm,,5/24/2013,5.68,4/25/2013,,5.75,6.25,0.05,,"16,000,000","113,769,178",6.0
"""0001371446""",5/21/2013,https://www.sec.gov//Archives/edgar/data/1371446/000119312513229037/0001193125-13-229037-index.htm,,6/18/2013,22.0,5/20/2013,,22.5,23.5,0.05,,"1,250,000","11,805,359",23.0
"""0001096199""",6/17/2013,https://www.sec.gov//Archives/edgar/data/1096199/000119312513260552/0001193125-13-260552-index.htm,,7/15/2013,13.0,6/14/2003,,12.0,14.0,0.25,,"400,000","6,658,168",13.0
"""0000045012""",7/26/2013,https://www.sec.gov//Archives/edgar/data/45012/000119312513304868/0001193125-13-304868-index.htm,,8/22/2013,44.34,7/25/2013,,42.5,48.5,0.25,"$3,300,000,000 ",,"913,557,905",45.5
"""0001326583""",8/12/2013,https://www.sec.gov//Archives/edgar/data/1326583/000119312513330863/0001193125-13-330863-index.htm,,9/10/2013,33.4,8/6/2013,34.0,,,,,"5,000,000","50,404,948",
"""0001010552""",9/13/2013,https://www.sec.gov//Archives/edgar/data/1010552/000119312513366611/0001193125-13-366611-index.htm,,10/30/2013,10.89,9/12/2013,,10.0,11.5,0.1,"$250,000,000 ",,"170,416,696",10.75
"""0001293282""",9/25/2013,https://www.sec.gov//Archives/edgar/data/1293282/000119312513377167/0001193125-13-377167-index.htm,,10/24/2013,4.79,9/23/2013,5.0,,,,,"6,500,000","38,724,720",
1305323,11/13/2013,https://www.sec.gov//Archives/edgar/data/1305323/000119312513439325/0001193125-13-439325-index.htm,,12/11/2013,16.86,11/12/2013,19.5,,,,,"10,250,000","54,576,091",
"""0000906338""",11/25/2013,https://www.sec.gov//Archives/edgar/data/906338/000119312513452979/0001193125-13-452979-index.htm,,12/23/2013,89.57,11/22/2013,,84.5,97.5,0.25,"$200,000,000 ",,"44,788,037",91.0
"""0000030697""",1/14/2014,https://www.sec.gov//Archives/edgar/data/30697/000093041314000147/0000930413-14-000147-index.htm,,2/11/2014,8.44,1/10/2014,,8.5,9.25,0.05,"$275,000,000 ",,"392,876,983",8.875
"""0001473597""",1/31/2014,https://www.sec.gov//Archives/edgar/data/1473597/000104746914000485/0001047469-14-000485-index.htm,,2/28/2014,1.47,1/30/2014,,1.0,1.54,0.05,"$30,000,000 ",,"41,886,915",1.27
"""0000941604""",2/7/2014,https://www.sec.gov//Archives/edgar/data/941604/000119312514039613/0001193125-14-039613-index.htm,,3/7/2014,63.64,2/6/2014,,66.82,76.32,0.25,"350,000,000",,"25,402,526",71.57
"""0000916789""",2/10/2014,https://www.sec.gov//Archives/edgar/data/916789/000104746914000714/0001047469-14-000714-index.htm,,3/10/2014,59.35,2/7/2014,,57.75,66.5,0.25,"$300,000,000 ",,"32,091,817",62.125
"""0000701347""",2/21/2014,https://www.sec.gov//Archives/edgar/data/701347/000104746914001124/0001047469-14-001124-index.htm,,3/21/2014,18.58,2/20/2014,,18.5,21.0,0.1,"68,800,000",,"42,108,496",19.75
"""0000885550""",2/26/2014,https://www.sec.gov//Archives/edgar/data/885550/000119312514068513/0001193125-14-068513-index.htm,,3/26/2014,133.35,2/25/2014,133.35,,,,,"637,420","22,947,170",
"""0001398659""",3/6/2014,https://www.sec.gov//Archives/edgar/data/1398659/000119312514085460/0001193125-14-085460-index.htm,,4/2/2014,16.71,3/5/2014,,16.5,18.0,0.25,"$300,000,000 ",,"231,716,562",17.25
"""0001110650""",4/30/2014,https://www.sec.gov//Archives/edgar/data/1110650/000095016214000021/0000950162-14-000021-index.htm,,5/28/2014,8.07,4/28/2014,10.0,,,,,"5,000,000","34,722,691",
"""0000885550""",5/16/2014,https://www.sec.gov//Archives/edgar/data/885550/000119312514202189/0001193125-14-202189-index.htm,,6/16/2014,125.58,5/15/2014,125.58,,,,,"915,750","22,509,684",
"""0001126741""",7/9/2014,https://www.sec.gov//Archives/edgar/data/1126741/000104746914006089/0001047469-14-006089-index.htm,,8/6/2014,5.8,7/8/2014,,6.5,6.7,0.1,"$25,000,000 ",,"27,499,632",6.6
"""0001371446""",7/24/2014,https://www.sec.gov//Archives/edgar/data/1371446/000119312514278811/0001193125-14-278811-index.htm,,8/20/2014,25.3,7/21/2014,,28.0,29.0,0.2,,"1,000,000","10,088,200",28.5
"""0001326583""",8/11/2014,https://www.sec.gov//Archives/edgar/data/1326583/000119312514303981/0001193125-14-303981-index.htm,,9/9/2014,47.95,8/5/2014,48.5,,,,,"2,000,000","39,129,823",
"""0000070415""",9/2/2014,https://www.sec.gov//Archives/edgar/data/70415/000093041314003867/0000930413-14-003867-index.htm,,9/29/2014,25.22,8/29/2014,,26.0,29.0,0.1,"$80,000,000 ",,"19,109,525",27.5
"""0000885550""",9/19/2014,https://www.sec.gov//Archives/edgar/data/885550/000119312514346367/0001193125-14-346367-index.htm,,10/20/2014,125.54,9/18/2014,125.54,,,,,"995,698","21,593,588",
852437,10/3/2014,https://www.sec.gov//Archives/edgar/data/852437/000119312514362768/0001193125-14-362768-index.htm,,11/3/2014,1.15,9/26/2014,1.2,,,,,"27,530,816","54,491,296",
"""0000852437""",10/3/2014,https://www.sec.gov//Archives/edgar/data/852437/000119312514362768/0001193125-14-362768-index.htm,,11/3/2014,1.15,9/26/2014,1.2,,,,,"27,530,816","54,491,296",
"""0001426506""",10/30/2014,https://www.sec.gov//Archives/edgar/data/1426506/000114420414063810/0001144204-14-063810-index.htm,,12/1/2014,2.07,10/29/2014,2.41,,,,"$16,094,842.78 ",,"8,561,997",
"""0001091862""",10/31/2014,https://www.sec.gov//Archives/edgar/data/1091862/000119312514390929/0001193125-14-390929-index.htm,,12/1/2014,22.36,10/29/2014,,21.5,24.5,0.1,"300,000,000",,"86,159,932",23.0
"""0001047340""",11/3/2014,https://www.sec.gov//Archives/edgar/data/1047340/000119312514392952/0001193125-14-392952-index.htm,,12/2/2014,32.11,10/31/2014,,30.5,34.5,0.25,"$175,000,000 ",,"56,256,628",32.5
"""0001141299""",11/3/2014,https://www.sec.gov//Archives/edgar/data/1141299/000104746914008748/0001047469-14-008748-index.htm,,12/3/2014,3.04,10/28/2014,,3.25,3.75,0.1,"75,000,000",,"43,506,621",3.5
1495479,11/12/2014,https://www.sec.gov//Archives/edgar/data/1495479/000149547914000081/0001495479-14-000081-index.htm,,12/10/2014,12.62,11/10/2014,,12.5,14.5,0.1,"50,000,000",,"18,656,701",13.5
"""0001495479""",11/12/2014,https://www.sec.gov//Archives/edgar/data/1495479/000149547914000081/0001495479-14-000081-index.htm,,12/10/2014,14.44,11/6/2014,,12.5,14.5,0.1,"$50,000,000 ",,"18,656,701",13.5
"""0000909494""",12/8/2014,https://www.sec.gov//Archives/edgar/data/909494/000117494714000548/0001174947-14-000548-index.htm,,1/7/2015,15.62,11/12/2014,,16.5,18.5,0.25,"$8,000,000 ",,"11,311,420",17.5
"""0000849869""",2/9/2015,https://www.sec.gov//Archives/edgar/data/849869/000119312515038366/0001193125-15-038366-index.htm,,3/10/2015,52.51,2/3/2015,,54.75,58.5,0.25,"$200,000,000 ",,"63,205,987",56.625
"""0001000045""",2/10/2015,https://www.sec.gov//Archives/edgar/data/1000045/000119312515040803/0001193125-15-040803-index.htm,,3/13/2015,14.67,2/9/2015,,14.6,15.6,0.25,"70,000,000",,"12,316,235",15.1
"""0000036840""",2/17/2015,https://www.sec.gov//Archives/edgar/data/36840/000117494715000234/0001174947-15-000234-index.htm,,3/20/2015,19.2,2/13/2015,23.0,,,,,"100,000","6,993,152",
"""0001331875""",2/23/2015,https://www.sec.gov//Archives/edgar/data/1331875/000119312515057309/0001193125-15-057309-index.htm,,3/20/2015,14.32,2/20/2015,,14.3,15.4,0.05,"185,000,000 ",,"91,171,787",14.850000000000001
"""0000860518""",3/16/2015,https://www.sec.gov//Archives/edgar/data/860518/000114420415016357/0001144204-15-016357-index.htm,,4/15/2015,2.71,3/13/2015,4.0,,,,,"750,000","2,875,063",
"""0000089270""",3/27/2015,https://www.sec.gov//Archives/edgar/data/89270/000092189515000742/0000921895-15-000742-index.htm,,4/23/2015,40.61,3/26/2015,,39.0,42.0,0.25,"$20,000,000 ",,"4,061,222",40.5
"""0001509223""",4/2/2015,https://www.sec.gov//Archives/edgar/data/1509223/000114420415020767/0001144204-15-020767-index.htm,,4/29/2015,2.41,3/31/2015,,2.4,2.75,0.05,"$50,000,000 ",,"128,583,734",2.575
"""0000320340""",4/22/2015,https://www.sec.gov//Archives/edgar/data/320340/000143774915007827/0001437749-15-007827-index.htm,,5/19/2015,2.95,4/17/2015,,2.55,3.0,0.1,"$5,000,000 ",,"8,958,028",2.775
1750,4/27/2015,https://www.sec.gov//Archives/edgar/data/1750/000104746915003956/0001047469-15-003956-index.htm,,5/22/2015,30.14,4/24/2015,,29.0,32.0,0.1,"135,000,000",,"39,661,386",30.5
"""0001030894""",4/27/2015,https://www.sec.gov//Archives/edgar/data/1030894/000104746915003939/0001047469-15-003939-index.htm,,6/1/2015,12.2,4/24/2015,,11.7,13.3,0.1,"350,000,000",,"150,238,432",12.5
"""0000829365""",4/28/2015,https://www.sec.gov//Archives/edgar/data/829365/000119312515152349/0001193125-15-152349-index.htm,,5/29/2015,4.5,4/27/2015,5.5,,,,,"3,000,000","42,618,322",
"""0001569391""",5/4/2015,https://www.sec.gov//Archives/edgar/data/1569391/000119312515167730/0001193125-15-167730-index.htm,,6/2/2015,12.84,4/30/2015,,13.5,14.0,0.1,"$330,000,000 ",,"109,040,224",13.75
"""0000808326""",5/15/2015,https://www.sec.gov//Archives/edgar/data/808326/000104746915004802/0001047469-15-004802-index.htm,,6/15/2015,5.58,5/5/2015,,6.25,6.75,,"45,000,000",,"32,296,486",6.5
"""0000030697""",6/3/2015,https://www.sec.gov//Archives/edgar/data/30697/000093041315002720/0000930413-15-002720-index.htm,,6/30/2015,11.1,6/2/2015,,11.05,12.25,0.1,"$639,000,000 ",,"363,458,742",11.65
"""0000900075""",6/4/2015,https://www.sec.gov//Archives/edgar/data/900075/000119312515212656/0001193125-15-212656-index.htm,,7/6/2015,34.55,6/3/2015,,34.75,36.0,0.25,,"13,888,888","126,522,148",35.375
1387467,6/8/2015,https://www.sec.gov//Archives/edgar/data/1387467/000117494715001014/0001174947-15-001014-index.htm,,7/7/2015,8.37,6/5/2015,,8.5,9.2,0.1,"30,000,000",,"26,262,250",8.85
"""0001110650""",6/26/2015,https://www.sec.gov//Archives/edgar/data/1110650/000095016215000045/0000950162-15-000045-index.htm,,6/27/2015,6.92,6/24/2015,7.5,,,,,"6,666,666","30,231,365",
"""0000862692""",6/30/2015,https://www.sec.gov//Archives/edgar/data/862692/000119312515241079/0001193125-15-241079-index.htm,,7/28/2015,2.29,6/29/2015,3.25,,,,,"750,000","9,665,734",
"""0001475841""",7/6/2015,https://www.sec.gov//Archives/edgar/data/1475841/000104746915005969/0001047469-15-005969-index.htm,,7/31/2015,20.67,7/2/2015,,19.6,22.5,0.1,"100,000,000",,"35,053,339",21.05
"""0000829365""",8/3/2015,https://www.sec.gov//Archives/edgar/data/829365/000119312515273932/0001193125-15-273932-index.htm,,9/4/2015,4.9,7/31/2015,5.5,,,,,"15,000,000","39,618,322",
"""0000068505""",8/7/2015,https://www.sec.gov//Archives/edgar/data/68505/000119312515281965/0001193125-15-281965-index.htm,,9/3/2015,60.22,8/4/2015,,61.0,66.5,0.25,"2,000,000,000",,"206,787,244",63.75
"""0001145255""",8/20/2015,https://www.sec.gov//Archives/edgar/data/1145255/000117494715001377/0001174947-15-001377-index.htm,,9/18/2015,23.25,8/19/2015,25.0,,,,"$25,000,000 ",,"6,025,381",
"""0000745308""",8/24/2015,https://www.sec.gov//Archives/edgar/data/745308/000119312515299386/0001193125-15-299386-index.htm,,9/22/2015,16.89,8/21/2015,18.0,,,,,"16,666,666",,
"""0000012659""",9/2/2015,https://www.sec.gov//Archives/edgar/data/12659/000119312515310062/0001193125-15-310062-index.htm,,10/2/2015,32.95,9/1/2015,,32.25,37.0,0.25,"$1,500,000,000 ",,"276,359,906",34.625
1080014,10/30/2015,https://www.sec.gov//Archives/edgar/data/1080014/000104746915008165/0001047469-15-008165-index.htm,,12/1/2015,8.15,10/28/2015,,8.5,9.25,0.05,"75,000,000",,"117,425,815",8.875
832488,11/2/2015,https://www.sec.gov//Archives/edgar/data/832488/000114420415062063/0001144204-15-062063-index.htm,,12/1/2015,6.24,10/30/2015,7.5,,,,,"2,000,000","14,434,887",
"""0000070866""",11/13/2015,https://www.sec.gov//Archives/edgar/data/70866/000119312515376338/0001193125-15-376338-index.htm,,12/11/2015,26.43,11/12/2015,,26.0,29.5,0.25,"1,000,000,000",,"170,277,395",27.75
1407298,11/17/2015,https://www.sec.gov//Archives/edgar/data/1407298/000156761915001495/0001567619-15-001495-index.htm,,12/16/2015,13.15,11/11/2015,,12.7,14.25,0.05,"75,000,000",,"41,162,354",13.475
"""0001018164""",11/17/2015,https://www.sec.gov//Archives/edgar/data/1018164/000104746915008718/0001047469-15-008718-index.htm,,12/16/2015,15.7,11/16/2015,,15.5,18.0,0.25,"$8,000,000 ",,"8,200,545",16.75
"""0000900075""",11/24/2015,https://www.sec.gov//Archives/edgar/data/900075/000119312515385933/0001193125-15-385933-index.htm,,12/23/2015,37.2,11/23/2015,,38.0,41.0,0.25,,"7,317,073","120,236,510",39.5
1000753,12/8/2015,https://www.sec.gov//Archives/edgar/data/1000753/000119312515397182/0001193125-15-397182-index.htm,,1/7/2016,44.03,12/7/2015,,43.5,50.0,0.25,"125,000,000",,"24,277,515",46.75
"""0000886206""",12/14/2015,https://www.sec.gov//Archives/edgar/data/886206/000104746915009182/0001047469-15-009182-index.htm,,1/12/2016,14.55,12/7/2015,,15.5,17.75,0.25,"$35,000,000 ",,"16,221,841",16.625
"""0001610114""",12/17/2015,https://www.sec.gov//Archives/edgar/data/1610114/000156761915001580/0001567619-15-001580-index.htm,,1/19/2016,9.51,12/16/2015,,9.0,10.0,0.1,"30,000,000",,"85,447,551",9.5
"""0001587755""",1/12/2016,https://www.sec.gov//Archives/edgar/data/1587755/000156761916001653/0001567619-16-001653-index.htm,,2/10/2016,7.03,1/11/2016,,9.0,10.0,0.1,"$50,000,000 ",,"45,219,380",9.5
"""0001380393""",2/5/2016,https://www.sec.gov//Archives/edgar/data/1380393/000119312516451364/0001193125-16-451364-index.htm,,3/4/2016,4.01,2/4/2016,,4.25,4.75,0.05,"$100,000,000 ",,"221,183,518",4.5
"""0001520566""",2/11/2016,https://www.sec.gov//Archives/edgar/data/1520566/000119312516458567/0001193125-16-458567-index.htm,,3/11/2016,8.61,2/10/2016,,8.2,9.4,0.1,"100,000,000",,"102,823,731",8.8
"""0001053706""",2/22/2016,https://www.sec.gov//Archives/edgar/data/1053706/000104746916010267/0001047469-16-010267-index.htm,,3/21/2016,17.14,2/19/2016,,18.0,19.75,0.25,"30,000,000",,"8,927,972",18.875
"""0001371489""",3/10/2016,https://www.sec.gov//Archives/edgar/data/1371489/000104746916010960/0001047469-16-010960-index.htm,,4/7/2016,3.31,3/9/2016,,3.3,4.0,0.1,"$12,000,000 ",,"37,292,989",3.65
"""0001362925""",3/14/2016,https://www.sec.gov//Archives/edgar/data/1362925/000104746916011081/0001047469-16-011081-index.htm,,4/11/2016,3.43,3/11/2016,,3.2,3.6,0.1,"$15,000,000 ",,"51,821,800",3.4000000000000004
"""0001519061""",3/28/2016,https://www.sec.gov//Archives/edgar/data/1519061/000104746916011653/0001047469-16-011653-index.htm,,4/25/2016,37.86,3/18/2016,35.63,,,,,"1,165,000","47,177,934",
1001258,4/11/2016,https://www.sec.gov//Archives/edgar/data/1001258/000119312516536846/0001193125-16-536846-index.htm,,5/12/2016,10.0,4/8/2016,,9.5,10.25,0.25,,"3,000,000","12,016,838",9.875
"""0000883237""",5/10/2016,https://www.sec.gov//Archives/edgar/data/883237/000119312516584866/0001193125-16-584866-index.htm,,6/8/2016,74.12,5/6/2016,,73.0,82.5,0.5,"75,000,000",,"8,263,443",77.75
"""0000865752""",5/10/2016,https://www.sec.gov//Archives/edgar/data/865752/000104746916013044/0001047469-16-013044-index.htm,,6/8/2016,148.79,5/9/2016,,142.0,160.0,1.0,"$2,000,000,000 ",,"203,042,661",151.0
"""0001293282""",5/10/2016,https://www.sec.gov//Archives/edgar/data/1293282/000104746916013041/0001047469-16-013041-index.htm,,6/8/2016,7.99,5/6/2016,7.75,,,,,"8,000,000","32,257,875",
"""0001003078""",7/7/2016,https://www.sec.gov//Archives/edgar/data/1003078/000114420416111880/0001144204-16-111880-index.htm,,8/4/2016,70.8,7/5/2016,,66.0,72.5,0.5,"300,000,000",,"48,374,634",69.25
"""0001401564""",7/13/2016,https://www.sec.gov//Archives/edgar/data/1401564/000093905716000914/0000939057-16-000914-index.htm,,8/9/2016,13.5,7/11/2016,,13.0,14.0,0.1,"$40,000,000 ",,"13,327,916",13.5
"""0001129155""",8/26/2016,https://www.sec.gov//Archives/edgar/data/1129155/000157104916017780/0001571049-16-017780-index.htm,,11/1/2016,8.5,8/16/2006,9.0,,,,,"3,200,000","38,355,421",
"""0000849869""",10/17/2016,https://www.sec.gov//Archives/edgar/data/849869/000119312516739187/0001193125-16-739187-index.htm,,11/15/2016,47.81,10/14/2016,,45.5,52.25,0.25,"$250,000,000 ",,"60,339,652",48.875
"""0001084765""",10/18/2016,https://www.sec.gov//Archives/edgar/data/1084765/000119312516740261/0001193125-16-740261-index.htm,,11/15/2016,13.1,10/14/2016,,13.5,16.0,0.1,,"6,000,000","36,101,867",14.75
1085621,11/7/2016,https://www.sec.gov//Archives/edgar/data/1085621/000119312516761333/0001193125-16-761333-index.htm,,12/7/2016,11.6,11/2/2016,,12.0,14.0,0.25,"80,000,000",,"39,477,526",13.0
"""0001326583""",11/16/2016,https://www.sec.gov//Archives/edgar/data/1326583/000119312516769691/0001193125-16-769691-index.htm,,12/15/2016,53.38,11/11/2016,55.0,,,,,"2,000,000","39,181,219",
"""0000096793""",1/10/2017,https://www.sec.gov//Archives/edgar/data/96793/000119312517006424/0001193125-17-006424-index.htm,,2/8/2017,1.12,1/5/2017,1.5,,,,"$4,500,000 ",,"9,443,408",
"""0000747540""",2/3/2017,https://www.sec.gov//Archives/edgar/data/747540/000121390017000934/0001213900-17-000934-index.htm,,3/3/2017,1.35,2/2/2017,1.43,,,,,"5,000,000","10,224,431",
"""0001675033""",4/6/2017,https://www.sec.gov//Archives/edgar/data/1675033/000119312517112091/0001193125-17-112091-index.htm,,5/5/2017,11.02,3/29/2017,,11.5,12.17,0.11,"$10,000,000 ",,"12,550,746",11.835
"""0001171825""",4/27/2017,https://www.sec.gov//Archives/edgar/data/1171825/000093041317001729/0000930413-17-001729-index.htm,,5/24/2017,45.36,4/26/2017,,43.0,48.0,0.25,"2,750,000,000",,"202,735,681",45.5
1515156,5/8/2017,https://www.sec.gov//Archives/edgar/data/1515156/000151515617000045/0001515156-17-000045-index.htm,,6/5/2017,9.39,5/5/2017,,9.4,10.8,0.1,,"925,000","22,294,573",10.100000000000001
"""0000701869""",5/26/2017,https://www.sec.gov//Archives/edgar/data/701869/000114420417029705/0001144204-17-029705-index.htm,,6/26/2017,17.35,5/22/2017,20.0,,,,,"2,000,000","16,377,756",
"""0001476246""",6/23/2017,https://www.sec.gov//Archives/edgar/data/1476246/000104746917004195/0001047469-17-004195-index.htm,,8/2/2017,39.65,6/9/2017,,38.0,45.0,0.1,,"5,580,000","24,634,512",41.5
"""0000814586""",6/26/2017,https://www.sec.gov//Archives/edgar/data/814586/000168316817001655/0001683168-17-001655-index.htm,,7/25/2017,9.36,6/23/2017,,8.5,9.5,0.05,"$6,000,000 ",,"16,154,095",9.0
"""0000077776""",8/11/2017,https://www.sec.gov//Archives/edgar/data/77776/000104746917005211/0001047469-17-005211-index.htm,,9/8/2017,13.95,8/10/2017,,13.45,14.25,0.05,"266,000,000",,"51,306,854",13.85
"""0000776867""",8/17/2017,https://www.sec.gov//Archives/edgar/data/776867/000104746917005289/0001047469-17-005289-index.htm,,9/14/2017,850.65,8/16/2017,,825.0,875.0,1.0,,"500,000","4,336,625",850.0
"""0001180262""",8/21/2017,https://www.sec.gov//Archives/edgar/data/1180262/000119312517262794/0001193125-17-262794-index.htm,,9/19/2017,61.95,8/18/2017,,60.0,68.0,0.25,"$600,000,000 ",,"93,966,161",64.0
"""0000868278""",8/25/2017,https://www.sec.gov//Archives/edgar/data/868278/000149315217009902/0001493152-17-009902-index.htm,,9/25/2017,2.13,8/15/2017,2.3,,,,,"4,000,000","16,166,796",
"""0001282977""",9/27/2017,https://www.sec.gov//Archives/edgar/data/1282977/000119312517295500/0001193125-17-295500-index.htm,,10/25/2017,14.4,9/25/2017,17.0,,,,,"9,000,000","29,638,437",
"""0001402902""",11/20/2017,https://www.sec.gov//Archives/edgar/data/1402902/000095010317011352/0000950103-17-011352-index.htm,,12/19/2017,8.39,11/17/2017,,9.23,9.65,0.06,"200,000,000",,"168,892,385",9.440000000000001
"""0000868278""",11/20/2017,https://www.sec.gov//Archives/edgar/data/868278/000149315217013521/0001493152-17-013521-index.htm,,12/18/2017,2.11,11/9/2017,2.3,,,,,"1,700,000","12,428,461",
"""0000096793""",11/21/2017,https://www.sec.gov//Archives/edgar/data/96793/000119312517349451/0001193125-17-349451-index.htm,,12/21/2017,1.49,11/17/2017,1.6,,,,"$2,500,000 ",,"9,162,565",
"""0000020212""",1/10/2018,https://www.sec.gov//Archives/edgar/data/20212/000119312518007791/0001193125-18-007791-index.htm,,2/7/2018,238.65,1/9/2018,,230.0,265.0,1.0,"500,000,000",,"15,410,179",247.5
"""0000944075""",2/2/2018,https://www.sec.gov//Archives/edgar/data/944075/000094407518000003/0000944075-18-000003-index.htm,,3/9/2018,3.5,2/1/2018,,3.75,4.25,0.05,,"1,250,000","7,011,128",4.0
"""0001282977""",2/13/2018,https://www.sec.gov//Archives/edgar/data/1282977/000119312518041259/0001193125-18-041259-index.htm,,3/14/2018,18.6,2/12/2018,,18.5,20.5,0.25,"$110,000,000 ",,"27,303,100",19.5
"""0000023111""",3/16/2018,https://www.sec.gov//Archives/edgar/data/23111/000119312518084771/0001193125-18-084771-index.htm,,4/16/2018,5.24,2/14/2018,,8.05,9.0,0.05,,"1,530,990","15,309,909",8.525
315858,3/20/2018,https://www.sec.gov//Archives/edgar/data/315858/000117494718000422/0001174947-18-000422-index.htm,,4/17/2018,9.18,3/13/2018,9.25,,,,,"6,486,486","85,709,163",
"""0000776867""",4/10/2018,https://www.sec.gov//Archives/edgar/data/776867/000104746918002667/0001047469-18-002667-index.htm,,5/7/2018,806.17,4/9/2018,,825.0,875.0,1.0,,"500,000","3,753,405",850.0
"""0001180262""",4/18/2018,https://www.sec.gov//Archives/edgar/data/1180262/000119312518120295/0001193125-18-120295-index.htm,,5/16/2018,103.02,4/17/2018,,98.0,108.0,0.25,"$600,000,000 ",,"88,202,525",103.0
"""0001171825""",4/26/2018,https://www.sec.gov//Archives/edgar/data/1171825/000119312518132599/0001193125-18-132599-index.htm,,5/23/2018,52.9,4/25/2018,,50.0,56.0,0.25,"500,000,000",,"127,062,112",53.0
"""0000106640""",4/26/2018,https://www.sec.gov//Archives/edgar/data/106640/000119312518134842/0001193125-18-134842-index.htm,,5/23/2018,155.48,4/25/2018,,150.0,170.0,0.5,"$1,000,000,000 ",,"70,795,312",160.0
1551152,5/1/2018,https://www.sec.gov//Archives/edgar/data/1551152/000104746918003373/0001047469-18-003373-index.htm,,5/29/2018,96.55,4/30/2018,,99.0,114.0,1.0,"7,500,000,000",,"1,586,879,451",106.5
913277,5/8/2018,https://www.sec.gov//Archives/edgar/data/913277/000114420418025866/0001144204-18-025866-index.htm,,6/5/2018,7.1,5/7/2018,,6.6,7.2,0.1,"7,200,000",,"30,041,265",6.9
"""0001056358""",5/18/2018,https://www.sec.gov//Archives/edgar/data/1056358/000105635818000064/0001056358-18-000064-index.htm,,6/15/2018,15.65,5/16/2018,,18.5,21.0,0.25,"$16,000,000 ",,"2,719,271",19.75
"""0000804328""",7/31/2018,https://www.sec.gov//Archives/edgar/data/804328/000104746918005308/0001047469-18-005308-index.htm,,8/27/2018,62.04,7/30/2018,,60.0,67.5,0.25,"$10,000,000,000 ",,"1,469,128,915",63.75
1379785,8/7/2018,https://www.sec.gov//Archives/edgar/data/1379785/000119312518240456/0001193125-18-240456-index.htm,,9/6/2018,10.48,8/6/2018,,10.2,11.72,0.1,"50,000,000",,"56,186,025",10.96
"""0001112920""",8/22/2018,https://www.sec.gov//Archives/edgar/data/1112920/000092189518002457/0000921895-18-002457-index.htm,,9/19/2018,3.96,8/21/2018,,4.0,4.5,0.1,"$15,000,000 ",,"21,912,527",4.25
3545,9/5/2018,https://www.sec.gov//Archives/edgar/data/3545/000138713118004519/0001387131-18-004519-index.htm,,10/3/2018,32.3,8/31/2018,34.0,,,,,"588,235","8,199,957",
"""0001444363""",10/9/2018,https://www.sec.gov//Archives/edgar/data/1444363/000114036118040238/0001140361-18-040238-index.htm,,11/6/2018,6.91,10/8/2018,,7.24,7.94,0.05,"$50,000,000 ",,"44,273,583",7.59
733269,11/13/2018,https://www.sec.gov//Archives/edgar/data/733269/000119312518324979/0001193125-18-324979-index.htm,,12/12/2018,45.89,11/12/2018,,44.5,49.0,0.1,"500,000,000",,"78,846,830",46.75
"""0001402902""",11/30/2018,https://www.sec.gov//Archives/edgar/data/1402902/000095010318013928/0000950103-18-013928-index.htm,,12/28/2018,8.09,11/29/2018,,8.88,9.3,,"100,000,000",,"148,343,668",9.09
