Low Base,,,Average Base,,,High Base,
date,value,,date,value,,date,value
1/1/2000,100000,,1/1/2000,100000,,1/1/2000,100000
1/26/2000,100000,,1/26/2000,100000,,1/26/2000,100000
2/4/2000,100000,,2/4/2000,100000,,2/4/2000,100000
2/24/2000,100000,,2/24/2000,100000,,2/24/2000,100000
2/28/2000,100000,,2/28/2000,100000,,2/28/2000,100000
2/29/2000,100000,,2/29/2000,100000,,2/29/2000,100000
3/1/2000,100000,,3/1/2000,100000,,3/1/2000,100000
3/2/2000,100000,,3/2/2000,100000,,3/2/2000,100000
3/9/2000,100000,,3/9/2000,100000,,3/9/2000,100000
3/21/2000,100000,,3/21/2000,100000,,3/21/2000,100000
3/30/2000,100000,,3/30/2000,100000,,3/30/2000,100000
4/2/2000,100000,,4/2/2000,100000,,4/2/2000,100000
4/4/2000,100000,,4/4/2000,100000,,4/4/2000,100000
4/17/2000,100000,,4/17/2000,100000,,4/17/2000,100000
4/23/2000,100000,,4/23/2000,100000,,4/23/2000,100000
4/24/2000,100000,,4/24/2000,100000,,4/24/2000,100000
4/25/2000,150000,,4/25/2000,150000,,4/25/2000,150000
5/1/2000,150000,,5/1/2000,150000,,5/1/2000,150000
5/21/2000,150000,,5/21/2000,150000,,5/21/2000,150000
5/25/2000,154729.27,,5/25/2000,154729.27,,5/25/2000,154729.27
6/5/2000,154729.27,,6/5/2000,154729.27,,6/5/2000,154729.27
6/6/2000,154729.27,,6/6/2000,154729.27,,6/6/2000,154729.27
7/11/2000,184201.27,,7/11/2000,184201.27,,7/11/2000,184201.27
7/31/2000,184201.27,,7/31/2000,184201.27,,7/31/2000,184201.27
8/1/2000,184201.27,,8/1/2000,184201.27,,8/1/2000,184201.27
8/10/2000,184201.27,,8/10/2000,184201.27,,8/10/2000,184201.27
8/18/2000,184201.27,,8/18/2000,184201.27,,8/18/2000,184201.27
8/21/2000,184201.27,,8/21/2000,184201.27,,8/21/2000,184201.27
9/3/2000,184201.27,,9/3/2000,184201.27,,9/3/2000,184201.27
9/5/2000,248920.145,,9/5/2000,248920.145,,9/5/2000,248920.145
9/8/2000,248920.145,,9/8/2000,248920.145,,9/8/2000,248920.145
9/13/2000,248920.145,,9/13/2000,248920.145,,9/13/2000,248920.145
9/21/2000,248920.145,,9/21/2000,248920.145,,9/21/2000,248920.145
9/24/2000,248920.145,,9/24/2000,248920.145,,9/24/2000,248920.145
9/26/2000,248920.145,,9/26/2000,248920.145,,9/26/2000,248920.145
9/29/2000,248920.145,,9/29/2000,248920.145,,9/29/2000,248920.145
10/11/2000,351361.105,,10/11/2000,409921.105,,10/11/2000,468481.105
10/23/2000,351361.105,,10/23/2000,409921.105,,10/23/2000,468481.105
10/27/2000,351361.105,,10/27/2000,409921.105,,10/27/2000,468481.105
10/30/2000,351361.105,,10/30/2000,409921.105,,10/30/2000,468481.105
10/31/2000,351361.105,,10/31/2000,409921.105,,10/31/2000,468481.105
11/1/2000,351361.105,,11/1/2000,409921.105,,11/1/2000,468481.105
11/6/2000,351361.105,,11/6/2000,409921.105,,11/6/2000,468481.105
11/9/2000,351361.105,,11/9/2000,409921.105,,11/9/2000,468481.105
11/15/2000,351361.105,,11/15/2000,409921.105,,11/15/2000,468481.105
11/28/2000,351361.105,,11/28/2000,409921.105,,11/28/2000,468481.105
12/7/2000,351361.105,,12/7/2000,409921.105,,12/7/2000,468481.105
12/11/2000,592713.105,,12/11/2000,747102.23,,12/11/2000,936960.105
12/15/2000,592713.105,,12/15/2000,747102.23,,12/15/2000,936960.105
12/20/2000,592713.105,,12/20/2000,747102.23,,12/20/2000,936960.105
12/21/2000,610713.105,,12/21/2000,765102.23,,12/21/2000,936960.105
1/16/2001,610713.105,,1/16/2001,765102.23,,1/16/2001,936960.105
1/23/2001,610713.105,,1/23/2001,765102.23,,1/23/2001,936960.105
1/28/2001,636588.105,,1/28/2001,790977.23,,1/28/2001,962835.105
1/29/2001,636588.105,,1/29/2001,790977.23,,1/29/2001,962835.105
2/6/2001,636588.105,,2/6/2001,790977.23,,2/6/2001,962835.105
2/16/2001,636588.105,,2/16/2001,790977.23,,2/16/2001,962835.105
2/21/2001,636588.105,,2/21/2001,790977.23,,2/21/2001,962835.105
2/26/2001,636588.105,,2/26/2001,790977.23,,2/26/2001,962835.105
3/8/2001,636588.105,,3/8/2001,790977.23,,3/8/2001,962835.105
3/19/2001,636588.105,,3/19/2001,790977.23,,3/19/2001,962835.105
3/22/2001,636588.105,,3/22/2001,790977.23,,3/22/2001,962835.105
3/29/2001,699088.105,,3/29/2001,865977.23,,3/29/2001,1050335.105
4/3/2001,699088.105,,4/3/2001,865977.23,,4/3/2001,1050335.105
4/12/2001,699088.105,,4/12/2001,865977.23,,4/12/2001,1050335.105
4/13/2001,699088.105,,4/13/2001,865977.23,,4/13/2001,1050335.105
4/16/2001,699088.105,,4/16/2001,865977.23,,4/16/2001,1050335.105
4/17/2001,699088.105,,4/17/2001,865977.23,,4/17/2001,1050335.105
4/23/2001,699088.105,,4/23/2001,865977.23,,4/23/2001,1050335.105
5/9/2001,699088.105,,5/9/2001,865977.23,,5/9/2001,1050335.105
5/10/2001,699088.105,,5/10/2001,865977.23,,5/10/2001,1163168.427
5/11/2001,699088.105,,5/11/2001,865977.23,,5/11/2001,1163168.427
5/16/2001,699088.105,,5/16/2001,865977.23,,5/16/2001,1163168.427
5/21/2001,699088.105,,5/21/2001,865977.23,,5/21/2001,1163168.427
6/1/2001,699088.105,,6/1/2001,865977.23,,6/1/2001,1163168.427
6/12/2001,735688.105,,6/12/2001,865977.23,,6/12/2001,1163168.427
6/17/2001,761649.73,,6/17/2001,900592.73,,6/17/2001,1206437.802
6/28/2001,761649.73,,6/28/2001,900592.73,,6/28/2001,1206437.802
7/2/2001,761649.73,,7/2/2001,900592.73,,7/2/2001,1206437.802
7/5/2001,761649.73,,7/5/2001,900592.73,,7/5/2001,1206437.802
7/10/2001,761649.73,,7/10/2001,900592.73,,7/10/2001,1206437.802
7/19/2001,761649.73,,7/19/2001,900592.73,,7/19/2001,1206437.802
7/26/2001,761649.73,,7/26/2001,900592.73,,7/26/2001,1206437.802
8/5/2001,790848.13,,8/5/2001,929791.13,,8/5/2001,1235636.202
8/6/2001,790848.13,,8/6/2001,929791.13,,8/6/2001,1235636.202
8/7/2001,790848.13,,8/7/2001,929791.13,,8/7/2001,1235636.202
8/13/2001,790848.13,,8/13/2001,929791.13,,8/13/2001,1235636.202
8/15/2001,790848.13,,8/15/2001,929791.13,,8/15/2001,1235636.202
8/21/2001,790848.13,,8/21/2001,929791.13,,8/21/2001,1235636.202
8/22/2001,790848.13,,8/22/2001,929791.13,,8/22/2001,1249361.202
8/29/2001,790848.13,,8/29/2001,929791.13,,8/29/2001,1249361.202
9/10/2001,790848.13,,9/10/2001,929791.13,,9/10/2001,1249361.202
9/18/2001,790848.13,,9/18/2001,929791.13,,9/18/2001,1249361.202
9/24/2001,790848.13,,9/24/2001,929791.13,,9/24/2001,1249361.202
9/27/2001,790848.13,,9/27/2001,929791.13,,9/27/2001,1249361.202
10/10/2001,790848.13,,10/10/2001,929791.13,,10/10/2001,1249361.202
10/14/2001,790848.13,,10/14/2001,929791.13,,10/14/2001,1249361.202
11/5/2001,790848.13,,11/5/2001,929791.13,,11/5/2001,1249361.202
11/18/2001,909098.13,,11/18/2001,1048041.13,,11/18/2001,1367611.202
11/21/2001,909098.13,,11/21/2001,1048041.13,,11/21/2001,1367611.202
11/26/2001,909098.13,,11/26/2001,1048041.13,,11/26/2001,1367611.202
12/7/2001,909098.13,,12/7/2001,1048041.13,,12/7/2001,1367611.202
12/10/2001,909098.13,,12/10/2001,1048041.13,,12/10/2001,1367611.202
12/17/2001,909098.13,,12/17/2001,1048041.13,,12/17/2001,1367611.202
12/20/2001,909098.13,,12/20/2001,1048041.13,,12/20/2001,1367611.202
12/26/2001,909098.13,,12/26/2001,1048041.13,,12/26/2001,1367611.202
12/27/2001,1084411.08,,12/27/2001,1048041.13,,12/27/2001,1367611.202
1/16/2002,1084411.08,,1/16/2002,1048041.13,,1/16/2002,1367611.202
1/24/2002,1084411.08,,1/24/2002,1263041.13,,1/24/2002,1657611.202
1/28/2002,1084411.08,,1/28/2002,1263252.09,,1/28/2002,1673238.322
1/31/2002,1084411.08,,1/31/2002,1263252.09,,1/31/2002,1673238.322
2/7/2002,1084411.08,,2/7/2002,1263252.09,,2/7/2002,1673238.322
3/7/2002,1084411.08,,3/7/2002,1263252.09,,3/7/2002,1673238.322
3/21/2002,1084411.08,,3/21/2002,1269102.09,,3/21/2002,1692588.322
3/28/2002,1084411.08,,3/28/2002,1269102.09,,3/28/2002,1692588.322
4/10/2002,1084411.08,,4/10/2002,1269102.09,,4/10/2002,1692588.322
4/15/2002,1084411.08,,4/15/2002,1269102.09,,4/15/2002,1692588.322
4/23/2002,1084411.08,,4/23/2002,1269102.09,,4/23/2002,1692588.322
5/2/2002,1084411.08,,5/2/2002,1269102.09,,5/2/2002,1692588.322
5/7/2002,1084411.08,,5/7/2002,1269102.09,,5/7/2002,1692588.322
5/14/2002,1084411.08,,5/14/2002,1269102.09,,5/14/2002,1692588.322
5/17/2002,1084411.08,,5/17/2002,1269102.09,,5/17/2002,1692588.322
5/23/2002,1084411.08,,5/23/2002,1269102.09,,5/23/2002,1692588.322
6/6/2002,1319652.68,,6/6/2002,1515102.09,,6/6/2002,1938588.322
6/13/2002,1319652.68,,6/13/2002,1515102.09,,6/13/2002,1938588.322
6/20/2002,1319652.68,,6/20/2002,1515102.09,,6/20/2002,1938588.322
6/23/2002,1319652.68,,6/23/2002,1515102.09,,6/23/2002,1938588.322
6/27/2002,1319652.68,,6/27/2002,1520152.09,,6/27/2002,1943638.322
7/4/2002,1319652.68,,7/4/2002,1520152.09,,7/4/2002,1943638.322
7/16/2002,1319652.68,,7/16/2002,1520152.09,,7/16/2002,1943638.322
8/5/2002,1319652.68,,8/5/2002,1520152.09,,8/5/2002,1943638.322
8/19/2002,1440902.68,,8/19/2002,1641402.09,,8/19/2002,2064888.322
8/21/2002,1440902.68,,8/21/2002,1641402.09,,8/21/2002,2064888.322
8/27/2002,1620902.68,,8/27/2002,1821402.09,,8/27/2002,2244888.322
9/5/2002,1620902.68,,9/5/2002,1821402.09,,9/5/2002,2244888.322
9/6/2002,1620902.68,,9/6/2002,1821402.09,,9/6/2002,2244888.322
9/19/2002,1620902.68,,9/19/2002,1821402.09,,9/19/2002,2244888.322
9/23/2002,1620902.68,,9/23/2002,1821402.09,,9/23/2002,2244888.322
10/11/2002,1620902.68,,10/11/2002,1821402.09,,10/11/2002,2244888.322
10/18/2002,1620902.68,,10/18/2002,1821402.09,,10/18/2002,2244888.322
10/24/2002,2153543.67,,10/24/2002,2581256.97,,10/24/2002,3380253.302
10/27/2002,2153545.09,,10/27/2002,2581258.39,,10/27/2002,3380253.302
10/31/2002,2153545.09,,10/31/2002,2581258.39,,10/31/2002,3380253.302
11/1/2002,2153545.09,,11/1/2002,2581258.39,,11/1/2002,3380253.302
11/12/2002,2153545.09,,11/12/2002,2581258.39,,11/12/2002,3380253.302
11/14/2002,2153545.09,,11/14/2002,2581258.39,,11/14/2002,3380253.302
11/20/2002,2153545.09,,11/20/2002,2581258.39,,11/20/2002,3380253.302
11/21/2002,2153545.09,,11/21/2002,2581258.39,,11/21/2002,3380253.302
11/25/2002,2153545.09,,11/25/2002,2581258.39,,11/25/2002,3380253.302
11/27/2002,2153545.09,,11/27/2002,2581258.39,,11/27/2002,3380253.302
12/12/2002,2153545.09,,12/12/2002,2581258.39,,12/12/2002,3380253.302
12/17/2002,2153545.09,,12/17/2002,2581258.39,,12/17/2002,3380253.302
12/24/2002,2273545.09,,12/24/2002,2701258.39,,12/24/2002,3380253.302
12/29/2002,2341732.59,,12/29/2002,2769445.89,,12/29/2002,3380253.302
1/5/2003,2361032.59,,1/5/2003,2803745.89,,1/5/2003,3429553.302
1/31/2003,2361032.59,,1/31/2003,2803745.89,,1/31/2003,3429553.302
2/4/2003,2361032.59,,2/4/2003,2803745.89,,2/4/2003,3429553.302
2/7/2003,2361032.59,,2/7/2003,2803745.89,,2/7/2003,3429553.302
2/18/2003,2361032.59,,2/18/2003,2803745.89,,2/18/2003,3429553.302
3/9/2003,2361032.59,,3/9/2003,2803745.89,,3/9/2003,3429553.302
3/10/2003,2361032.59,,3/10/2003,2803745.89,,3/10/2003,3429553.302
3/18/2003,2361032.59,,3/18/2003,2803745.89,,3/18/2003,3429553.302
3/20/2003,2583532.59,,3/20/2003,3026245.89,,3/20/2003,3652053.302
3/21/2003,2583532.59,,3/21/2003,3026245.89,,3/21/2003,3652053.302
3/23/2003,2583532.59,,3/23/2003,3026245.89,,3/23/2003,3652053.302
4/14/2003,2583532.59,,4/14/2003,3026245.89,,4/14/2003,3652053.302
4/20/2003,2671032.59,,4/20/2003,3113745.89,,4/20/2003,3652053.302
4/23/2003,2671032.59,,4/23/2003,3113745.89,,4/23/2003,3652053.302
4/27/2003,2755532.59,,4/27/2003,3230745.89,,4/27/2003,3801553.302
4/28/2003,2755532.59,,4/28/2003,3230745.89,,4/28/2003,3801553.302
5/9/2003,2755532.59,,5/9/2003,3230745.89,,5/9/2003,3801553.302
5/18/2003,2755532.59,,5/18/2003,3230745.89,,5/18/2003,3801553.302
5/20/2003,2755532.59,,5/20/2003,3230745.89,,5/20/2003,3801553.302
5/27/2003,2755532.59,,5/27/2003,3230745.89,,5/27/2003,3801553.302
5/28/2003,2755532.59,,5/28/2003,3230745.89,,5/28/2003,3801553.302
6/10/2003,2755532.59,,6/10/2003,3230745.89,,6/10/2003,3801553.302
6/11/2003,2755532.59,,6/11/2003,3230745.89,,6/11/2003,3801553.302
6/15/2003,2790032.59,,6/15/2003,3265245.89,,6/15/2003,3836053.302
6/16/2003,2790032.59,,6/16/2003,3265245.89,,6/16/2003,3836053.302
6/30/2003,2881032.59,,6/30/2003,3356245.89,,6/30/2003,3836053.302
7/1/2003,2881032.59,,7/1/2003,3356245.89,,7/1/2003,3836053.302
7/6/2003,2881032.59,,7/6/2003,3356245.89,,7/6/2003,3836053.302
7/15/2003,2881032.59,,7/15/2003,3356245.89,,7/15/2003,3836053.302
7/20/2003,2881032.59,,7/20/2003,3356245.89,,7/20/2003,3836053.302
7/22/2003,2881032.59,,7/22/2003,3356245.89,,7/22/2003,3836053.302
8/4/2003,2881032.59,,8/4/2003,3356245.89,,8/4/2003,3836053.302
8/11/2003,2881032.59,,8/11/2003,3356245.89,,8/11/2003,3836053.302
8/18/2003,2881032.59,,8/18/2003,3356245.89,,8/18/2003,3836053.302
8/25/2003,3455232.59,,8/25/2003,3930445.89,,8/25/2003,4410253.302
9/5/2003,3455232.59,,9/5/2003,3930445.89,,9/5/2003,4410253.302
9/15/2003,3455232.59,,9/15/2003,3930445.89,,9/15/2003,4410253.302
9/21/2003,3455232.59,,9/21/2003,3930445.89,,9/21/2003,4410253.302
9/30/2003,3455232.59,,9/30/2003,3930445.89,,9/30/2003,4410253.302
10/3/2003,3455232.59,,10/3/2003,3930445.89,,10/3/2003,4410253.302
10/10/2003,3455232.59,,10/10/2003,3930445.89,,10/10/2003,4410253.302
10/16/2003,3455232.59,,10/16/2003,3930445.89,,10/16/2003,4410253.302
10/19/2003,3467732.59,,10/19/2003,3942945.89,,10/19/2003,4422753.302
10/30/2003,3467732.59,,10/30/2003,3942945.89,,10/30/2003,4422753.302
11/3/2003,3467732.59,,11/3/2003,3942945.89,,11/3/2003,4422753.302
11/10/2003,3467732.59,,11/10/2003,3942945.89,,11/10/2003,4422753.302
11/13/2003,3467732.59,,11/13/2003,3942945.89,,11/13/2003,4422753.302
11/19/2003,3467732.59,,11/19/2003,3942945.89,,11/19/2003,4422753.302
11/26/2003,3467732.59,,11/26/2003,3942945.89,,11/26/2003,4422753.302
11/27/2003,3467732.59,,11/27/2003,3942945.89,,11/27/2003,4475003.302
12/4/2003,3467732.59,,12/4/2003,3942945.89,,12/4/2003,4475003.302
12/8/2003,3467732.59,,12/8/2003,3942945.89,,12/8/2003,4475003.302
12/10/2003,3467732.59,,12/10/2003,3942945.89,,12/10/2003,4475003.302
12/16/2003,3552732.59,,12/16/2003,4027945.89,,12/16/2003,4475003.302
12/25/2003,3626503.078,,12/25/2003,4168109.816,,12/25/2003,4681560.667
1/12/2004,3626503.078,,1/12/2004,4287709.816,,1/12/2004,5093660.667
1/20/2004,3628034.578,,1/20/2004,4287709.816,,1/20/2004,5093660.667
1/21/2004,3628034.578,,1/21/2004,4336376.441,,1/21/2004,5093660.667
1/26/2004,3628034.578,,1/26/2004,4359103.941,,1/26/2004,5357510.667
1/28/2004,3628034.578,,1/28/2004,4359103.941,,1/28/2004,5357510.667
2/6/2004,3628034.578,,2/6/2004,4359103.941,,2/6/2004,5357510.667
2/27/2004,3628034.578,,2/27/2004,4359103.941,,2/27/2004,5357510.667
3/4/2004,3628034.578,,3/4/2004,4359103.941,,3/4/2004,5357510.667
3/7/2004,3628034.578,,3/7/2004,4359103.941,,3/7/2004,5357510.667
3/8/2004,3628034.578,,3/8/2004,4359103.941,,3/8/2004,5357510.667
3/16/2004,3628034.578,,3/16/2004,4359103.941,,3/16/2004,5357510.667
3/17/2004,3628034.578,,3/17/2004,4359103.941,,3/17/2004,5357510.667
3/22/2004,3635534.578,,3/22/2004,4366603.941,,3/22/2004,5365010.667
3/31/2004,3635534.578,,3/31/2004,4366603.941,,3/31/2004,5969899.167
4/6/2004,3635534.578,,4/6/2004,4366603.941,,4/6/2004,5969899.167
4/7/2004,3823034.578,,4/7/2004,4554103.941,,4/7/2004,5969900.167
4/8/2004,3823034.578,,4/8/2004,4554103.941,,4/8/2004,5969900.167
4/16/2004,3823034.578,,4/16/2004,4554103.941,,4/16/2004,5969900.167
4/20/2004,3823034.578,,4/20/2004,4644595.241,,4/20/2004,5969900.167
5/2/2004,3823034.578,,5/2/2004,4644595.241,,5/2/2004,5969900.167
5/20/2004,3826784.578,,5/20/2004,4645744.991,,5/20/2004,5969900.167
5/27/2004,3826784.578,,5/27/2004,4645744.991,,5/27/2004,6011620.167
6/7/2004,3826784.578,,6/7/2004,4645744.991,,6/7/2004,6011620.167
6/15/2004,3826784.578,,6/15/2004,4645744.991,,6/15/2004,6011620.167
6/22/2004,3826784.578,,6/22/2004,4645744.991,,6/22/2004,6011620.167
7/15/2004,3826784.578,,7/15/2004,4645744.991,,7/15/2004,6011620.167
7/27/2004,3826784.578,,7/27/2004,4645744.991,,7/27/2004,6011620.167
8/5/2004,3826784.578,,8/5/2004,4645744.991,,8/5/2004,6011620.167
8/11/2004,3826784.578,,8/11/2004,4645744.991,,8/11/2004,6011620.167
8/27/2004,3826784.578,,8/27/2004,4645744.991,,8/27/2004,6011620.167
8/30/2004,4815583.928,,8/30/2004,5846151.891,,8/30/2004,6011620.167
9/3/2004,4815583.928,,9/3/2004,5846151.891,,9/3/2004,6011620.167
9/14/2004,4815583.928,,9/14/2004,5846151.891,,9/14/2004,6011620.167
9/15/2004,4815583.928,,9/15/2004,5846154.791,,9/15/2004,6896620.167
9/28/2004,4815583.928,,9/28/2004,5846154.791,,9/28/2004,6896620.167
10/4/2004,4815583.928,,10/4/2004,5846154.791,,10/4/2004,6896620.167
10/7/2004,4815583.928,,10/7/2004,6113932.542,,10/7/2004,7414397.893
10/13/2004,4815583.928,,10/13/2004,6113932.542,,10/13/2004,7414397.893
10/21/2004,4815583.928,,10/21/2004,6113932.542,,10/21/2004,7414397.893
10/27/2004,4815583.928,,10/27/2004,6113932.542,,10/27/2004,7414397.893
11/1/2004,4815583.928,,11/1/2004,6113932.542,,11/1/2004,7414397.893
11/4/2004,4815583.928,,11/4/2004,6113932.542,,11/4/2004,7414397.893
11/10/2004,4815583.928,,11/10/2004,6113932.542,,11/10/2004,7414397.893
11/12/2004,4815583.928,,11/12/2004,6113932.542,,11/12/2004,7414397.893
11/15/2004,4815583.928,,11/15/2004,6113932.542,,11/15/2004,7414397.893
11/16/2004,4815583.928,,11/16/2004,6113932.542,,11/16/2004,7414397.893
11/23/2004,4815583.928,,11/23/2004,6113932.542,,11/23/2004,7414397.893
11/30/2004,4815583.928,,11/30/2004,6113932.542,,11/30/2004,7414397.893
12/9/2004,4815583.928,,12/9/2004,6113932.542,,12/9/2004,7414397.893
12/16/2004,4815583.928,,12/16/2004,6113932.542,,12/16/2004,7414397.893
12/17/2004,4815583.928,,12/17/2004,6113932.542,,12/17/2004,7414397.893
12/19/2004,4815583.928,,12/19/2004,6113932.542,,12/19/2004,7414397.893
12/21/2004,4815583.928,,12/21/2004,6113932.542,,12/21/2004,7414397.893
12/26/2004,4815583.928,,12/26/2004,6113932.542,,12/26/2004,7414397.893
12/27/2004,4815583.928,,12/27/2004,6113932.542,,12/27/2004,7414397.893
1/2/2005,5067583.928,,1/2/2005,6113932.542,,1/2/2005,7414397.893
1/24/2005,5092543.928,,1/24/2005,6161392.542,,1/24/2005,7484357.893
2/1/2005,5210793.928,,2/1/2005,6279642.542,,2/1/2005,7602607.893
2/3/2005,5210793.928,,2/3/2005,6279642.542,,2/3/2005,7602607.893
2/11/2005,5210793.928,,2/11/2005,6279642.542,,2/11/2005,7602607.893
3/10/2005,5210793.928,,3/10/2005,6403392.542,,3/10/2005,7913857.893
3/17/2005,5210793.928,,3/17/2005,6406016.342,,3/17/2005,8136048.203
3/30/2005,5210793.928,,3/30/2005,6406016.342,,3/30/2005,8136048.203
4/5/2005,5210793.928,,4/5/2005,6406016.342,,4/5/2005,8136048.203
4/12/2005,5210793.928,,4/12/2005,6406016.342,,4/12/2005,8136048.203
4/18/2005,5210793.928,,4/18/2005,6406016.342,,4/18/2005,8136048.203
4/20/2005,5210793.928,,4/20/2005,6406016.342,,4/20/2005,8136048.203
4/22/2005,5210793.928,,4/22/2005,6406016.342,,4/22/2005,8136048.203
5/4/2005,5210793.928,,5/4/2005,6406016.342,,5/4/2005,8136048.203
5/9/2005,5210793.928,,5/9/2005,6406016.342,,5/9/2005,8136048.203
5/10/2005,5210793.928,,5/10/2005,6406016.342,,5/10/2005,8136048.203
5/16/2005,5210793.928,,5/16/2005,6406016.342,,5/16/2005,8136048.203
5/23/2005,5210793.928,,5/23/2005,6406016.342,,5/23/2005,8136048.203
5/24/2005,5936887.798,,5/24/2005,6406016.342,,5/24/2005,8136048.203
5/26/2005,6020628.598,,5/26/2005,6489757.142,,5/26/2005,8136048.203
6/14/2005,6020628.598,,6/14/2005,6489757.142,,6/14/2005,8136048.203
6/16/2005,6020628.598,,6/16/2005,6489757.142,,6/16/2005,8136048.203
6/19/2005,6020630.398,,6/19/2005,7686976.692,,6/19/2005,10400449.7
6/23/2005,6020630.398,,6/23/2005,7686976.692,,6/23/2005,10400449.7
6/29/2005,6020630.398,,6/29/2005,7686976.692,,6/29/2005,10400449.7
6/30/2005,6020630.398,,6/30/2005,7686976.692,,6/30/2005,10400449.7
7/21/2005,6020630.398,,7/21/2005,7686976.692,,7/21/2005,10400449.7
7/25/2005,6020630.398,,7/25/2005,7686976.692,,7/25/2005,10400449.7
7/26/2005,6020630.398,,7/26/2005,7686976.692,,7/26/2005,10400449.7
7/27/2005,6020630.398,,7/27/2005,7686976.692,,7/27/2005,10400449.7
8/5/2005,6020630.398,,8/5/2005,7686976.692,,8/5/2005,10400449.7
8/10/2005,6020630.398,,8/10/2005,7686976.692,,8/10/2005,10400449.7
8/12/2005,6020630.398,,8/12/2005,7686976.692,,8/12/2005,10400449.7
8/17/2005,6020630.398,,8/17/2005,7686976.692,,8/17/2005,10400449.7
8/29/2005,6020630.398,,8/29/2005,7686976.692,,8/29/2005,10400449.7
8/30/2005,6020630.398,,8/30/2005,7686976.692,,8/30/2005,10400449.7
8/31/2005,6059806.849,,8/31/2005,7726153.143,,8/31/2005,10439626.15
9/7/2005,6059806.849,,9/7/2005,7726153.143,,9/7/2005,10439626.15
9/13/2005,6059806.849,,9/13/2005,7726153.143,,9/13/2005,10439626.15
9/14/2005,6157079.8,,9/14/2005,7823426.094,,9/14/2005,10536899.11
9/20/2005,6157079.8,,9/20/2005,7823426.094,,9/20/2005,10536899.11
10/4/2005,6157079.8,,10/4/2005,8324611.974,,10/4/2005,11983572.71
10/10/2005,6157079.8,,10/10/2005,8324611.974,,10/10/2005,11983572.71
10/14/2005,6157079.8,,10/14/2005,8324611.974,,10/14/2005,11983572.71
10/17/2005,6157079.8,,10/17/2005,8332634.614,,10/17/2005,12006342.85
11/3/2005,6157079.8,,11/3/2005,8332634.614,,11/3/2005,12006342.85
11/15/2005,6157079.8,,11/15/2005,8332634.614,,11/15/2005,12006342.85
11/20/2005,6157079.8,,11/20/2005,8332634.614,,11/20/2005,12006342.85
11/21/2005,6157079.8,,11/21/2005,8332634.614,,11/21/2005,12006342.85
11/23/2005,6157079.8,,11/23/2005,8332634.614,,11/23/2005,12006342.85
12/5/2005,6157079.8,,12/5/2005,8332634.614,,12/5/2005,12006342.85
12/8/2005,6157079.8,,12/8/2005,8332634.614,,12/8/2005,12006342.85
12/15/2005,6157079.8,,12/15/2005,8332634.614,,12/15/2005,12006342.85
12/19/2005,6157079.8,,12/19/2005,8332634.614,,12/19/2005,13502572.25
12/27/2005,6157079.8,,12/27/2005,8332634.614,,12/27/2005,13502572.25
12/30/2005,6157079.8,,12/30/2005,8332634.614,,12/30/2005,13502572.25
1/11/2006,6157079.8,,1/11/2006,8332634.614,,1/11/2006,13502572.25
1/16/2006,6157079.8,,1/16/2006,8332634.614,,1/16/2006,13502572.25
1/25/2006,6279432.555,,1/25/2006,8454987.369,,1/25/2006,13624925
1/26/2006,6279432.555,,1/26/2006,8454987.369,,1/26/2006,13624925
2/5/2006,6279432.555,,2/5/2006,8454987.369,,2/5/2006,13624925
2/6/2006,6279432.555,,2/6/2006,8454987.369,,2/6/2006,13624925
2/9/2006,6279432.555,,2/9/2006,8454987.369,,2/9/2006,13624925
2/10/2006,6279432.555,,2/10/2006,8454987.369,,2/10/2006,13624925
2/13/2006,6279432.555,,2/13/2006,8454987.369,,2/13/2006,13624925
3/1/2006,6279432.555,,3/1/2006,8454987.369,,3/1/2006,13624925
3/2/2006,6366932.555,,3/2/2006,8542487.369,,3/2/2006,13624925
3/9/2006,6366932.555,,3/9/2006,8542487.369,,3/9/2006,13624925
3/10/2006,6366932.555,,3/10/2006,8542487.369,,3/10/2006,13624925
3/16/2006,6366932.555,,3/16/2006,8542487.369,,3/16/2006,13624925
3/19/2006,6366932.555,,3/19/2006,8542487.369,,3/19/2006,14874925
3/24/2006,6366932.555,,3/24/2006,8542487.369,,3/24/2006,14874925
3/31/2006,6366932.555,,3/31/2006,8542487.369,,3/31/2006,14874925
4/4/2006,6366932.555,,4/4/2006,8542487.369,,4/4/2006,14874925
4/12/2006,6366932.555,,4/12/2006,8542487.369,,4/12/2006,14874925
4/18/2006,7010024.685,,4/18/2006,8542487.369,,4/18/2006,14874925
4/27/2006,7010024.685,,4/27/2006,8679163.369,,4/27/2006,15082101
5/3/2006,7010024.685,,5/3/2006,8679163.369,,5/3/2006,15082101
5/10/2006,7010024.685,,5/10/2006,8700288.369,,5/10/2006,15127601
5/17/2006,7010024.685,,5/17/2006,8700288.369,,5/17/2006,15127601
5/21/2006,7010024.685,,5/21/2006,9024288.369,,5/21/2006,15564101
5/30/2006,7010024.685,,5/30/2006,9024288.369,,5/30/2006,15564101
6/1/2006,7010024.685,,6/1/2006,9024288.369,,6/1/2006,15564101
6/20/2006,7010024.685,,6/20/2006,9024288.369,,6/20/2006,15564101
7/2/2006,7037672.635,,7/2/2006,9787906.489,,7/2/2006,18136725.33
7/5/2006,7037672.635,,7/5/2006,9787906.489,,7/5/2006,18136725.33
7/10/2006,7037672.635,,7/10/2006,9787906.489,,7/10/2006,18136725.33
7/12/2006,7037672.635,,7/12/2006,9787906.489,,7/12/2006,18136725.33
7/21/2006,7037672.635,,7/21/2006,9787906.489,,7/21/2006,18136725.33
8/3/2006,7037672.635,,8/3/2006,9787906.489,,8/3/2006,18136725.33
8/7/2006,7037672.635,,8/7/2006,9787906.489,,8/7/2006,18136725.33
8/8/2006,7037672.635,,8/8/2006,9787906.489,,8/8/2006,18136725.33
8/11/2006,7037672.635,,8/11/2006,9787906.489,,8/11/2006,18136725.33
8/13/2006,7037672.635,,8/13/2006,9787906.489,,8/13/2006,18136725.33
8/14/2006,7037672.635,,8/14/2006,9787906.489,,8/14/2006,18136725.33
8/15/2006,7037672.635,,8/15/2006,9787906.489,,8/15/2006,18136725.33
8/16/2006,7037672.635,,8/16/2006,9787906.489,,8/16/2006,18136725.33
8/23/2006,7622861.235,,8/23/2006,9787906.489,,8/23/2006,18136725.33
8/25/2006,7622861.235,,8/25/2006,9787906.489,,8/25/2006,18136725.33
8/27/2006,7622861.235,,8/27/2006,9787906.489,,8/27/2006,18136725.33
8/28/2006,7622861.235,,8/28/2006,9787906.489,,8/28/2006,18136725.33
8/29/2006,7622861.235,,8/29/2006,9787906.489,,8/29/2006,18136725.33
8/31/2006,7622861.235,,8/31/2006,9787906.489,,8/31/2006,18136725.33
9/8/2006,7622861.235,,9/8/2006,9787906.489,,9/8/2006,18136725.33
9/11/2006,7622861.235,,9/11/2006,9787906.489,,9/11/2006,18136725.33
9/14/2006,7622861.575,,9/14/2006,9787906.489,,9/14/2006,18136725.33
9/18/2006,7622861.575,,9/18/2006,9787906.489,,9/18/2006,18136725.33
9/19/2006,7622861.575,,9/19/2006,9787906.489,,9/19/2006,18136725.33
9/28/2006,7622861.575,,9/28/2006,9787906.489,,9/28/2006,18136725.33
10/2/2006,7622861.575,,10/2/2006,9787906.489,,10/2/2006,18136725.33
10/5/2006,7622861.575,,10/5/2006,9831656.489,,10/5/2006,18226412.83
10/11/2006,7622861.575,,10/11/2006,9831656.489,,10/11/2006,18468412.83
10/12/2006,7666194.904,,10/12/2006,9902767.593,,10/12/2006,18567301.71
10/18/2006,7666194.904,,10/18/2006,9902767.593,,10/18/2006,18567301.71
10/20/2006,7666194.904,,10/20/2006,9902767.593,,10/20/2006,18567301.71
11/6/2006,7666194.904,,11/6/2006,9902767.593,,11/6/2006,18567301.71
11/16/2006,7666194.904,,11/16/2006,9902767.593,,11/16/2006,18567301.71
11/20/2006,7666194.904,,11/20/2006,9902767.593,,11/20/2006,18567301.71
11/21/2006,7666194.904,,11/21/2006,9902767.593,,11/21/2006,18567301.71
11/22/2006,7666194.904,,11/22/2006,9902767.593,,11/22/2006,18567301.71
12/4/2006,7666194.904,,12/4/2006,9902767.593,,12/4/2006,18567301.71
12/10/2006,7666194.904,,12/10/2006,9902767.593,,12/10/2006,18567301.71
12/11/2006,7666194.904,,12/11/2006,9902767.593,,12/11/2006,18567301.71
12/12/2006,7760314.904,,12/12/2006,9996887.593,,12/12/2006,18661421.71
12/13/2006,7760314.904,,12/13/2006,9996887.593,,12/13/2006,18661421.71
12/18/2006,7760314.904,,12/18/2006,9996887.593,,12/18/2006,18661421.71
12/20/2006,7760314.904,,12/20/2006,9996887.593,,12/20/2006,18661421.71
12/25/2006,7775576.452,,12/25/2006,10012149.14,,12/25/2006,18661421.71
12/26/2006,7775576.452,,12/26/2006,10012149.14,,12/26/2006,18661421.71
1/3/2007,7775576.452,,1/3/2007,10012149.14,,1/3/2007,18661421.71
1/10/2007,7775576.452,,1/10/2007,10012149.14,,1/10/2007,18661421.71
1/16/2007,7775576.452,,1/16/2007,10012149.14,,1/16/2007,18661421.71
1/17/2007,7775576.452,,1/17/2007,10012149.14,,1/17/2007,18661421.71
1/24/2007,7775576.452,,1/24/2007,10012149.14,,1/24/2007,18661421.71
1/26/2007,7775576.452,,1/26/2007,10012149.14,,1/26/2007,18661421.71
2/7/2007,7792096.452,,2/7/2007,10034569.14,,2/7/2007,18689741.71
2/8/2007,7792096.452,,2/8/2007,10034569.14,,2/8/2007,18689741.71
2/14/2007,7792096.452,,2/14/2007,10034569.14,,2/14/2007,19741543.39
3/6/2007,7792096.452,,3/6/2007,10034569.14,,3/6/2007,20126791.47
3/7/2007,7792096.452,,3/7/2007,10034569.14,,3/7/2007,20126791.47
3/15/2007,7862296.452,,3/15/2007,10034569.14,,3/15/2007,20126791.47
3/19/2007,7862296.452,,3/19/2007,10034569.14,,3/19/2007,20126791.47
3/21/2007,7862296.452,,3/21/2007,10034569.14,,3/21/2007,20126791.47
3/28/2007,7862296.452,,3/28/2007,10034569.14,,3/28/2007,20126791.47
4/9/2007,7862296.452,,4/9/2007,10034569.14,,4/9/2007,20126791.47
4/11/2007,7862296.452,,4/11/2007,10034569.14,,4/11/2007,20126791.47
4/17/2007,7862296.452,,4/17/2007,10034569.14,,4/17/2007,20126791.47
4/19/2007,7862296.452,,4/19/2007,10034569.14,,4/19/2007,20166721.47
4/23/2007,7862296.452,,4/23/2007,10034569.14,,4/23/2007,20166721.47
4/25/2007,7862296.452,,4/25/2007,10034569.14,,4/25/2007,20166721.47
4/30/2007,7862296.452,,4/30/2007,10034569.14,,4/30/2007,20166721.47
5/9/2007,7862296.452,,5/9/2007,10034569.14,,5/9/2007,20166721.47
5/11/2007,7862296.452,,5/11/2007,10034569.14,,5/11/2007,20166721.47
5/15/2007,7862296.452,,5/15/2007,10034569.14,,5/15/2007,20166721.47
5/17/2007,7862296.452,,5/17/2007,10034569.14,,5/17/2007,20166721.47
5/21/2007,7862296.452,,5/21/2007,10034569.14,,5/21/2007,20166721.47
5/27/2007,8692335.942,,5/27/2007,10034569.14,,5/27/2007,20166721.47
5/29/2007,8692335.942,,5/29/2007,10034569.14,,5/29/2007,20166721.47
5/30/2007,8692335.942,,5/30/2007,10034569.14,,5/30/2007,20166721.47
6/1/2007,8692335.942,,6/1/2007,10034569.14,,6/1/2007,20166721.47
6/8/2007,8692335.942,,6/8/2007,10034569.14,,6/8/2007,20166721.47
6/13/2007,8692335.942,,6/13/2007,10034569.14,,6/13/2007,20166721.47
6/14/2007,8692335.942,,6/14/2007,10034569.14,,6/14/2007,20166721.47
6/18/2007,8692335.942,,6/18/2007,10034569.14,,6/18/2007,20166721.47
6/20/2007,8692335.942,,6/20/2007,10034569.14,,6/20/2007,20166721.47
6/21/2007,8692335.942,,6/21/2007,10034569.14,,6/21/2007,20166721.47
6/29/2007,8692335.942,,6/29/2007,10034569.14,,6/29/2007,20166721.47
7/2/2007,8692335.942,,7/2/2007,10034569.14,,7/2/2007,20166721.47
7/3/2007,8692335.942,,7/3/2007,10034569.14,,7/3/2007,20166721.47
7/4/2007,8851935.942,,7/4/2007,10194169.14,,7/4/2007,20326321.47
7/10/2007,8851935.942,,7/10/2007,10194169.14,,7/10/2007,20326321.47
7/16/2007,8851935.942,,7/16/2007,10194169.14,,7/16/2007,20326321.47
7/19/2007,8851935.942,,7/19/2007,10194169.14,,7/19/2007,20326321.47
7/30/2007,8851935.942,,7/30/2007,10194169.14,,7/30/2007,20326321.47
8/1/2007,8851935.942,,8/1/2007,10194169.14,,8/1/2007,20326321.47
8/3/2007,8851935.942,,8/3/2007,10194169.14,,8/3/2007,20326321.47
8/6/2007,8851935.942,,8/6/2007,10194169.14,,8/6/2007,20326321.47
8/8/2007,8851935.942,,8/8/2007,10194169.14,,8/8/2007,20326321.47
8/10/2007,8851935.942,,8/10/2007,10194169.14,,8/10/2007,20326321.47
8/13/2007,8851935.942,,8/13/2007,10194169.14,,8/13/2007,20326321.47
8/14/2007,8851935.942,,8/14/2007,10194169.14,,8/14/2007,20326321.47
8/15/2007,8851935.942,,8/15/2007,10194169.14,,8/15/2007,20326321.47
8/21/2007,8851935.942,,8/21/2007,10194169.14,,8/21/2007,20326321.47
8/22/2007,8851935.942,,8/22/2007,10313244.14,,8/22/2007,20500396.47
8/24/2007,8851935.942,,8/24/2007,10313244.14,,8/24/2007,20500396.47
8/30/2007,8851935.942,,8/30/2007,10313244.14,,8/30/2007,20500396.47
9/4/2007,8851935.942,,9/4/2007,10313244.14,,9/4/2007,20500396.47
9/10/2007,8851935.942,,9/10/2007,10313244.14,,9/10/2007,20500396.47
9/11/2007,8851935.942,,9/11/2007,10313244.14,,9/11/2007,20500396.47
9/16/2007,8851935.942,,9/16/2007,10313244.14,,9/16/2007,20500396.47
9/17/2007,8851935.942,,9/17/2007,10313244.14,,9/17/2007,20500396.47
9/19/2007,8851935.942,,9/19/2007,10313244.14,,9/19/2007,20500396.47
9/20/2007,8851935.942,,9/20/2007,10313244.14,,9/20/2007,20500396.47
9/25/2007,9037935.942,,9/25/2007,10836744.14,,9/25/2007,21361396.47
9/26/2007,9037935.942,,9/26/2007,10836744.14,,9/26/2007,21361396.47
9/27/2007,9037935.942,,9/27/2007,10836744.14,,9/27/2007,21361396.47
10/4/2007,9067935.942,,10/4/2007,10953194.14,,10/4/2007,21584346.47
11/21/2007,9067935.942,,11/21/2007,10953194.14,,11/21/2007,21584346.47
12/25/2007,10945511.2,,12/25/2007,14238133.21,,12/25/2007,26040953.5
1/15/2008,10945511.2,,1/15/2008,14238133.21,,1/15/2008,26040953.5
2/12/2008,10945511.2,,2/12/2008,14238133.21,,2/12/2008,26040953.5
2/15/2008,10945511.2,,2/15/2008,14238133.21,,2/15/2008,26040953.5
2/19/2008,11095086.2,,2/19/2008,14478176.96,,2/19/2008,26371466
2/20/2008,11095086.2,,2/20/2008,14478176.96,,2/20/2008,26371466
2/21/2008,11095086.2,,2/21/2008,14478176.96,,2/21/2008,26371466
3/10/2008,11095086.2,,3/10/2008,14478176.96,,3/10/2008,26371466
3/13/2008,11095086.2,,3/13/2008,14478176.96,,3/13/2008,26371466
3/17/2008,11095086.2,,3/17/2008,14478176.96,,3/17/2008,26371466
3/23/2008,11095086.2,,3/23/2008,14478176.96,,3/23/2008,26371466
3/24/2008,11095086.2,,3/24/2008,14478176.96,,3/24/2008,26371466
3/26/2008,11095086.2,,3/26/2008,14478176.96,,3/26/2008,26371466
4/13/2008,11095086.2,,4/13/2008,14478176.96,,4/13/2008,26371466
5/4/2008,11265086.2,,5/4/2008,14648176.96,,5/4/2008,26541466
5/14/2008,11265086.2,,5/14/2008,14648176.96,,5/14/2008,26541466
5/19/2008,11265086.2,,5/19/2008,14648176.96,,5/19/2008,26541466
6/2/2008,11265086.2,,6/2/2008,14648176.96,,6/2/2008,26541466
6/17/2008,11265086.2,,6/17/2008,14648176.96,,6/17/2008,26541466
6/19/2008,11265086.2,,6/19/2008,14648176.96,,6/19/2008,26541466
6/26/2008,11415086.2,,6/26/2008,14648176.96,,6/26/2008,26541466
6/30/2008,11415086.2,,6/30/2008,14648176.96,,6/30/2008,26541466
7/3/2008,11415086.2,,7/3/2008,14648176.96,,7/3/2008,26541466
7/22/2008,11415086.2,,7/22/2008,14648176.96,,7/22/2008,26541466
7/29/2008,11415086.2,,7/29/2008,14648176.96,,7/29/2008,26541466
8/4/2008,11415086.2,,8/4/2008,14648176.96,,8/4/2008,26541466
8/11/2008,11415086.2,,8/11/2008,14648176.96,,8/11/2008,26541466
8/18/2008,11415086.2,,8/18/2008,14648176.96,,8/18/2008,26541466
8/24/2008,11415093.15,,8/24/2008,14648183.91,,8/24/2008,26541472.95
8/29/2008,11415093.15,,8/29/2008,14648183.91,,8/29/2008,26541472.95
9/2/2008,11604631.56,,9/2/2008,14945414.59,,9/2/2008,26946395.9
9/18/2008,11604631.56,,9/18/2008,14945414.59,,9/18/2008,26946395.9
9/22/2008,11604631.56,,9/22/2008,14945414.59,,9/22/2008,27072395.9
10/5/2008,11665856.04,,10/5/2008,15037251.32,,10/5/2008,27194844.87
10/20/2008,11665856.04,,10/20/2008,15037251.32,,10/20/2008,27194844.87
10/27/2008,11665856.04,,10/27/2008,15037251.32,,10/27/2008,27194844.87
11/5/2008,11665856.04,,11/5/2008,15037251.32,,11/5/2008,27194844.87
11/7/2008,11665856.04,,11/7/2008,15037251.32,,11/7/2008,27194844.87
11/23/2008,11680556.04,,11/23/2008,15066951.32,,11/23/2008,27239544.87
12/1/2008,13179421.29,,12/1/2008,15066951.32,,12/1/2008,27239544.87
12/5/2008,13179421.29,,12/5/2008,15066951.32,,12/5/2008,27239544.87
12/11/2008,13179421.29,,12/11/2008,15066951.32,,12/11/2008,27239544.87
12/15/2008,13179421.29,,12/15/2008,15066951.32,,12/15/2008,27239544.87
1/21/2009,13498570.22,,1/21/2009,15545674.71,,1/21/2009,27877842.72
3/5/2009,13498570.22,,3/5/2009,15545674.71,,3/5/2009,27877842.72
4/8/2009,13512570.22,,4/8/2009,15629674.71,,4/8/2009,28031842.72
5/18/2009,13512570.22,,5/18/2009,15629674.71,,5/18/2009,28031842.72
6/2/2009,13512570.22,,6/2/2009,15629674.71,,6/2/2009,28031842.72
6/22/2009,13522570.22,,6/22/2009,15652174.71,,6/22/2009,28066842.72
7/6/2009,13522570.22,,7/6/2009,15657532.21,,7/6/2009,28474012.72
8/10/2009,13522570.22,,8/10/2009,15657532.21,,8/10/2009,28474012.72
8/20/2009,13522570.22,,8/20/2009,15657532.21,,8/20/2009,28474012.72
9/1/2009,13522570.22,,9/1/2009,15657532.21,,9/1/2009,28474012.72
9/10/2009,13596570.22,,9/10/2009,15731532.21,,9/10/2009,28548012.72
9/24/2009,13596570.22,,9/24/2009,15731532.21,,9/24/2009,28548012.72
10/12/2009,13599511.39,,10/12/2009,15859473.36,,10/12/2009,28800953.86
11/10/2009,13599511.39,,11/10/2009,15859473.36,,11/10/2009,28800953.86
11/13/2009,13599511.39,,11/13/2009,15859473.36,,11/13/2009,28800953.86
11/20/2009,13599511.39,,11/20/2009,15859473.36,,11/20/2009,28800953.86
12/14/2009,13599511.39,,12/14/2009,15859473.36,,12/14/2009,28800953.86
12/16/2009,14380411.39,,12/16/2009,15859473.36,,12/16/2009,28800953.86
12/17/2009,14468935.98,,12/17/2009,16079145.49,,12/17/2009,29151773.53
12/24/2009,14468935.98,,12/24/2009,16171395.49,,12/24/2009,29412773.53
1/19/2010,14468935.98,,1/19/2010,16172645.49,,1/19/2010,29425273.53
1/29/2010,14468935.98,,1/29/2010,16172645.49,,1/29/2010,29425273.53
2/19/2010,14468935.98,,2/19/2010,16172645.49,,2/19/2010,29425273.53
2/25/2010,14468935.98,,2/25/2010,16172645.49,,2/25/2010,30172399.84
3/7/2010,14783935.98,,3/7/2010,16487645.49,,3/7/2010,30172399.84
3/11/2010,14783935.98,,3/11/2010,16487645.49,,3/11/2010,30172399.84
4/4/2010,14783935.98,,4/4/2010,17453396.49,,4/4/2010,33275848.06
4/14/2010,15369735.98,,4/14/2010,17612578.55,,4/14/2010,33701445.9
5/10/2010,15369735.98,,5/10/2010,17612578.55,,5/10/2010,33701445.9
6/14/2010,15515367.05,,6/14/2010,18777627.05,,6/14/2010,35885911.84
6/18/2010,15515367.05,,6/18/2010,18777627.05,,6/18/2010,35885911.84
6/30/2010,15515367.05,,6/30/2010,18777627.05,,6/30/2010,35885911.84
7/6/2010,15515367.05,,7/6/2010,18777627.05,,7/6/2010,35885911.84
7/25/2010,15515367.05,,7/25/2010,18777627.05,,7/25/2010,35885911.84
7/29/2010,15515367.05,,7/29/2010,18777627.05,,7/29/2010,35885911.84
8/3/2010,16049175.05,,8/3/2010,18777627.05,,8/3/2010,35885911.84
8/9/2010,17132318.23,,8/9/2010,21330131.41,,8/9/2010,42122803.84
8/10/2010,17132318.23,,8/10/2010,21330131.41,,8/10/2010,42122803.84
8/31/2010,17132318.23,,8/31/2010,21330131.41,,8/31/2010,42122803.84
9/14/2010,17844818.23,,9/14/2010,22042631.41,,9/14/2010,42835303.84
9/15/2010,17844818.23,,9/15/2010,22042631.41,,9/15/2010,42835303.84
9/17/2010,17844818.23,,9/17/2010,22042631.41,,9/17/2010,42835303.84
9/22/2010,17844818.23,,9/22/2010,22042631.41,,9/22/2010,42835303.84
10/8/2010,17844818.23,,10/8/2010,22042631.41,,10/8/2010,42835303.84
10/19/2010,17844818.23,,10/19/2010,22042631.41,,10/19/2010,42835303.84
10/25/2010,17844818.23,,10/25/2010,22042631.41,,10/25/2010,42835303.84
10/26/2010,17987318.23,,10/26/2010,22185131.41,,10/26/2010,42977803.84
10/27/2010,17987318.23,,10/27/2010,22185131.41,,10/27/2010,42977803.84
11/3/2010,17987318.23,,11/3/2010,22185131.41,,11/3/2010,42977803.84
11/8/2010,17987318.23,,11/8/2010,22185131.41,,11/8/2010,42977803.84
11/9/2010,17987318.23,,11/9/2010,22185131.41,,11/9/2010,42977803.84
11/14/2010,17987318.23,,11/14/2010,22185131.41,,11/14/2010,42977803.84
11/18/2010,17987318.23,,11/18/2010,22185131.41,,11/18/2010,42977803.84
12/1/2010,17987318.23,,12/1/2010,22185131.41,,12/1/2010,42977803.84
12/8/2010,18038994.05,,12/8/2010,22247246.8,,12/8/2010,43050358.78
12/9/2010,18038994.05,,12/9/2010,22247246.8,,12/9/2010,43050358.78
12/14/2010,18038994.05,,12/14/2010,22247246.8,,12/14/2010,43050358.78
12/15/2010,18473994.05,,12/15/2010,22682246.8,,12/15/2010,43485358.78
12/23/2010,18473994.05,,12/23/2010,22746246.8,,12/23/2010,43574358.78
1/4/2011,18473994.05,,1/4/2011,22746246.8,,1/4/2011,43574358.78
1/20/2011,20152941.29,,1/20/2011,24425194.04,,1/20/2011,45253306.03
2/9/2011,20152941.29,,2/9/2011,24425194.04,,2/9/2011,45253306.03
2/10/2011,20152941.29,,2/10/2011,24425194.04,,2/10/2011,45253306.03
3/16/2011,20420084.02,,3/16/2011,24692336.77,,3/16/2011,45253306.03
3/17/2011,20420084.02,,3/17/2011,24692336.77,,3/17/2011,45436330.03
4/8/2011,20420084.02,,4/8/2011,24692336.77,,4/8/2011,45436330.03
4/27/2011,20420084.02,,4/27/2011,24692336.77,,4/27/2011,45436330.03
5/12/2011,20420084.02,,5/12/2011,24692336.77,,5/12/2011,46681967.61
5/31/2011,20472584.02,,5/31/2011,24744836.77,,5/31/2011,46734467.61
6/24/2011,20472584.02,,6/24/2011,24744836.77,,6/24/2011,46734467.61
7/31/2011,20951384.02,,7/31/2011,25223636.77,,7/31/2011,47213267.61
8/2/2011,20951384.02,,8/2/2011,25223636.77,,8/2/2011,47213267.61
8/18/2011,20951384.02,,8/18/2011,25223636.77,,8/18/2011,47213267.61
9/4/2011,20981384.02,,9/4/2011,25253636.77,,9/4/2011,47213267.61
9/14/2011,20981384.02,,9/14/2011,25253636.77,,9/14/2011,47213267.61
9/21/2011,20981384.02,,9/21/2011,25253636.77,,9/21/2011,47213267.61
10/17/2011,20981384.02,,10/17/2011,25253636.77,,10/17/2011,47213267.61
11/3/2011,20981384.02,,11/3/2011,25253636.77,,11/3/2011,47213267.61
11/8/2011,21111384.02,,11/8/2011,25446136.77,,11/8/2011,47468267.61
11/20/2011,21111384.02,,11/20/2011,25446136.77,,11/20/2011,47468267.61
12/1/2011,21111384.02,,12/1/2011,25446136.77,,12/1/2011,47468267.61
12/8/2011,21111384.02,,12/8/2011,25446136.77,,12/8/2011,49133695.06
12/13/2011,21111384.02,,12/13/2011,25446136.77,,12/13/2011,49133695.06
12/14/2011,21111384.02,,12/14/2011,25446136.77,,12/14/2011,49133695.06
12/20/2011,21111384.02,,12/20/2011,25446136.77,,12/20/2011,49133695.06
1/3/2012,21111384.02,,1/3/2012,25446136.77,,1/3/2012,49133695.06
1/17/2012,23386384.02,,1/17/2012,27721136.77,,1/17/2012,51408695.06
1/26/2012,23386384.02,,1/26/2012,27721136.77,,1/26/2012,51415195.06
2/7/2012,23386384.02,,2/7/2012,27721136.77,,2/7/2012,51415195.06
2/23/2012,23386384.02,,2/23/2012,27721136.77,,2/23/2012,51415195.06
2/24/2012,23386384.02,,2/24/2012,27721136.77,,2/24/2012,51415195.06
2/28/2012,23386384.02,,2/28/2012,27721136.77,,2/28/2012,51415195.06
2/29/2012,23386384.02,,2/29/2012,27721136.77,,2/29/2012,51415195.06
3/6/2012,23386384.02,,3/6/2012,27721136.77,,3/6/2012,51415195.06
3/13/2012,23388816.02,,3/13/2012,27736488.77,,3/13/2012,51443467.06
3/16/2012,23388816.02,,3/16/2012,27736488.77,,3/16/2012,51443467.06
3/28/2012,23388816.02,,3/28/2012,27736488.77,,3/28/2012,51443467.06
4/2/2012,23388816.02,,4/2/2012,27736488.77,,4/2/2012,51443467.06
4/9/2012,23388816.02,,4/9/2012,27736488.77,,4/9/2012,51443467.06
4/19/2012,23428816.02,,4/19/2012,27776488.77,,4/19/2012,51483467.06
4/30/2012,23433858.03,,4/30/2012,27785732.45,,4/30/2012,51496912.42
5/7/2012,23433858.03,,5/7/2012,27785732.45,,5/7/2012,51496912.42
5/9/2012,23433858.03,,5/9/2012,27785732.45,,5/9/2012,51496912.42
5/25/2012,23433858.03,,5/25/2012,27785732.45,,5/25/2012,51496912.42
5/30/2012,23433858.03,,5/30/2012,27785732.45,,5/30/2012,51496912.42
6/1/2012,23433858.03,,6/1/2012,27785732.45,,6/1/2012,51496912.42
6/4/2012,23433858.03,,6/4/2012,27785732.45,,6/4/2012,51496912.42
6/11/2012,23433858.03,,6/11/2012,27785732.45,,6/11/2012,51496912.42
6/12/2012,23433858.03,,6/12/2012,27785732.45,,6/12/2012,51496912.42
6/14/2012,23433858.03,,6/14/2012,27785732.45,,6/14/2012,51496912.42
6/28/2012,23433858.03,,6/28/2012,27785732.45,,6/28/2012,51496912.42
7/2/2012,23433858.03,,7/2/2012,27785732.45,,7/2/2012,51496912.42
7/3/2012,23433858.03,,7/3/2012,27785732.45,,7/3/2012,51496912.42
7/5/2012,23433858.03,,7/5/2012,27785732.45,,7/5/2012,51496912.42
7/17/2012,23488403.48,,7/17/2012,27885732.44,,7/17/2012,51642366.95
8/5/2012,23488403.48,,8/5/2012,27934520.32,,8/5/2012,51739942.7
8/6/2012,23488403.48,,8/6/2012,27934520.32,,8/6/2012,51739942.7
8/8/2012,23488403.48,,8/8/2012,27934520.32,,8/8/2012,51739942.7
9/11/2012,23650347.89,,9/11/2012,28249242.48,,9/11/2012,52207442.62
10/29/2012,23650347.89,,10/29/2012,28249242.48,,10/29/2012,52207442.62
11/5/2012,23650347.89,,11/5/2012,28249242.48,,11/5/2012,52207442.62
11/7/2012,23650347.89,,11/7/2012,28249242.48,,11/7/2012,52207442.62
11/19/2012,23650347.89,,11/19/2012,28249242.48,,11/19/2012,52207442.62
11/26/2012,23650347.89,,11/26/2012,28249242.48,,11/26/2012,52207442.62
11/29/2012,23650347.89,,11/29/2012,28249242.48,,11/29/2012,52207442.62
11/30/2012,23650347.89,,11/30/2012,28249242.48,,11/30/2012,52207442.62
12/9/2012,23650347.89,,12/9/2012,28249242.48,,12/9/2012,52207442.62
12/13/2012,23650347.89,,12/13/2012,28249242.48,,12/13/2012,52207442.62
12/18/2012,23650347.89,,12/18/2012,28249242.48,,12/18/2012,52207442.62
12/24/2012,23650347.89,,12/24/2012,28249242.48,,12/24/2012,52207442.62
12/27/2012,23650347.89,,12/27/2012,28249242.48,,12/27/2012,52207442.62
1/9/2013,24000347.89,,1/9/2013,28599242.48,,1/9/2013,52557442.62
1/10/2013,24000347.89,,1/10/2013,28599242.48,,1/10/2013,52680942.62
1/29/2013,24085575.17,,1/29/2013,29536742.48,,1/29/2013,54470715.34
2/20/2013,24085575.17,,2/20/2013,29536742.48,,2/20/2013,54470715.34
3/21/2013,24085575.17,,3/21/2013,29536742.48,,3/21/2013,54470715.34
3/25/2013,24085575.17,,3/25/2013,29536742.48,,3/25/2013,55498840.32
4/3/2013,24085575.17,,4/3/2013,29536742.48,,4/3/2013,55498840.32
4/5/2013,24085575.17,,4/5/2013,29536742.48,,4/5/2013,55498840.32
4/26/2013,24085575.17,,4/26/2013,29536742.48,,4/26/2013,55498840.32
4/28/2013,24085575.17,,4/28/2013,29536742.48,,4/28/2013,55498840.32
5/7/2013,24085575.17,,5/7/2013,29986007.14,,5/7/2013,56330457.87
5/8/2013,24411156.51,,5/8/2013,29986007.14,,5/8/2013,56330457.87
5/21/2013,24411156.51,,5/21/2013,29986007.14,,5/21/2013,56330457.87
5/30/2013,24411156.51,,5/30/2013,30242007.14,,5/30/2013,56786457.87
6/17/2013,24411156.51,,6/17/2013,30242007.14,,6/17/2013,56786457.87
6/24/2013,24442406.51,,6/24/2013,30304507.14,,6/24/2013,56786457.87
7/21/2013,24442406.51,,7/21/2013,30304507.14,,7/21/2013,56806457.87
7/26/2013,24442406.51,,7/26/2013,30304507.14,,7/26/2013,56806457.87
8/12/2013,24442406.51,,8/12/2013,30304507.14,,8/12/2013,56806457.87
8/28/2013,24442406.51,,8/28/2013,31097317.26,,8/28/2013,62136066.83
9/13/2013,24442406.51,,9/13/2013,31097317.26,,9/13/2013,62136066.83
9/16/2013,24592406.51,,9/16/2013,31097317.26,,9/16/2013,62136066.83
9/25/2013,24592406.51,,9/25/2013,31097317.26,,9/25/2013,62136066.83
10/30/2013,24660656.51,,10/30/2013,31165567.26,,10/30/2013,62204316.83
11/5/2013,24660656.51,,11/5/2013,31165567.26,,11/5/2013,62913619.13
11/13/2013,24660656.51,,11/13/2013,31165567.26,,11/13/2013,62913619.13
11/25/2013,24660656.51,,11/25/2013,31165567.26,,11/25/2013,62913619.13
12/17/2013,26013656.51,,12/17/2013,32518567.26,,12/17/2013,64266619.13
12/29/2013,26013656.51,,12/29/2013,32675710.1,,12/29/2013,65138047.62
1/14/2014,26013656.51,,1/14/2014,32675710.1,,1/14/2014,65138047.62
1/31/2014,26013656.51,,1/31/2014,32675710.1,,1/31/2014,65138047.62
2/7/2014,26013656.51,,2/7/2014,32675710.1,,2/7/2014,65138047.62
2/10/2014,26013656.51,,2/10/2014,32675710.1,,2/10/2014,65138047.62
2/17/2014,26013656.51,,2/17/2014,32675710.1,,2/17/2014,65138047.62
2/21/2014,26013656.51,,2/21/2014,32675710.1,,2/21/2014,65138047.62
2/26/2014,26013656.51,,2/26/2014,32675710.1,,2/26/2014,65138047.62
3/6/2014,26013656.51,,3/6/2014,32675710.1,,3/6/2014,65138047.62
3/13/2014,26791216.91,,3/13/2014,34614720.79,,3/13/2014,68238508.6
3/16/2014,26791216.91,,3/16/2014,34614720.79,,3/16/2014,68238508.6
3/27/2014,26791216.91,,3/27/2014,34818508.12,,3/27/2014,68660017.42
4/1/2014,26791216.91,,4/1/2014,34818508.12,,4/1/2014,68660017.42
4/8/2014,26791216.91,,4/8/2014,35267005.66,,4/8/2014,69781756.53
4/30/2014,26791216.91,,4/30/2014,35267005.66,,4/30/2014,69781756.53
5/16/2014,26791216.91,,5/16/2014,35267005.66,,5/16/2014,69781756.53
6/3/2014,27273716.91,,6/3/2014,35749505.66,,6/3/2014,70264256.53
6/22/2014,27273716.91,,6/22/2014,35749505.66,,6/22/2014,70264256.53
7/9/2014,27273716.91,,7/9/2014,35749505.66,,7/9/2014,70264256.53
7/24/2014,27273716.91,,7/24/2014,35749505.66,,7/24/2014,70264256.53
8/11/2014,27273716.91,,8/11/2014,35749505.66,,8/11/2014,70264256.53
8/12/2014,27406292.64,,8/12/2014,35901020.78,,8/12/2014,70434711.04
8/26/2014,27541292.64,,8/26/2014,36061020.78,,8/26/2014,70619711.04
9/2/2014,27541292.64,,9/2/2014,36061020.78,,9/2/2014,70619711.04
9/15/2014,27541292.64,,9/15/2014,36061020.78,,9/15/2014,70619711.04
9/19/2014,27541292.64,,9/19/2014,36061020.78,,9/19/2014,70619711.04
10/3/2014,27541292.64,,10/3/2014,36061020.78,,10/3/2014,70619711.04
10/5/2014,27541292.64,,10/5/2014,36392657.04,,10/5/2014,71169529.05
10/26/2014,27541292.64,,10/26/2014,36392657.04,,10/26/2014,71169529.05
10/30/2014,27541292.64,,10/30/2014,36392657.04,,10/30/2014,71169529.05
10/31/2014,27541292.64,,10/31/2014,36392657.04,,10/31/2014,71169529.05
11/3/2014,27541292.64,,11/3/2014,36392657.04,,11/3/2014,71169529.05
11/9/2014,27541292.64,,11/9/2014,36392657.04,,11/9/2014,71169529.05
11/12/2014,27541292.64,,11/12/2014,36392657.04,,11/12/2014,71169529.05
12/7/2014,27654824.71,,12/7/2014,36506189.1,,12/7/2014,71169529.05
12/8/2014,27654824.71,,12/8/2014,36506189.1,,12/8/2014,71169529.05
12/9/2014,27879824.7,,12/9/2014,36999046.24,,12/9/2014,71930243.32
12/16/2014,27879824.7,,12/16/2014,36999046.24,,12/16/2014,71930243.32
1/13/2015,27899938.95,,1/13/2015,37042017.59,,1/13/2015,71996071.77
2/9/2015,27899938.95,,2/9/2015,37042017.59,,2/9/2015,71996071.77
2/10/2015,27899938.95,,2/10/2015,37042017.59,,2/10/2015,71996071.77
2/17/2015,27899938.95,,2/17/2015,37042017.59,,2/17/2015,71996071.77
2/23/2015,27899938.95,,2/23/2015,37042017.59,,2/23/2015,71996071.77
3/16/2015,27899938.95,,3/16/2015,37042017.59,,3/16/2015,71996071.77
3/19/2015,27899938.95,,3/19/2015,37042017.59,,3/19/2015,71996071.77
3/26/2015,27899938.95,,3/26/2015,37042017.59,,3/26/2015,71996071.77
3/27/2015,27899938.95,,3/27/2015,37042017.59,,3/27/2015,71996071.77
4/2/2015,27899938.95,,4/2/2015,37042017.59,,4/2/2015,71996071.77
4/21/2015,27948313.95,,4/21/2015,37090392.59,,4/21/2015,72044446.77
4/22/2015,27948313.95,,4/22/2015,37090392.59,,4/22/2015,72044446.77
4/27/2015,27948313.95,,4/27/2015,37090392.59,,4/27/2015,72044446.77
4/28/2015,27948313.95,,4/28/2015,37090392.59,,4/28/2015,72044446.77
4/29/2015,27948313.95,,4/29/2015,37090392.59,,4/29/2015,72044446.77
5/4/2015,27948313.95,,5/4/2015,37090392.59,,5/4/2015,72044446.77
5/5/2015,27948313.95,,5/5/2015,37090392.59,,5/5/2015,72044446.77
5/15/2015,27948313.95,,5/15/2015,37090392.59,,5/15/2015,72044446.77
5/25/2015,27948313.95,,5/25/2015,37090392.59,,5/25/2015,72044446.77
5/28/2015,27948313.95,,5/28/2015,37090392.59,,5/28/2015,72044446.77
6/3/2015,27948313.95,,6/3/2015,37090392.59,,6/3/2015,72044446.77
6/4/2015,28098313.95,,6/4/2015,37240392.59,,6/4/2015,72194446.77
6/7/2015,28098313.95,,6/7/2015,37240392.59,,6/7/2015,72194446.77
6/8/2015,28098313.95,,6/8/2015,37240392.59,,6/8/2015,72194446.77
6/21/2015,28330237,,6/21/2015,37558854.08,,6/21/2015,72599446.72
6/26/2015,28330237,,6/26/2015,37558854.08,,6/26/2015,72599446.72
6/30/2015,28330237,,6/30/2015,37558854.08,,6/30/2015,72599446.72
7/3/2015,28330237,,7/3/2015,37558854.08,,7/3/2015,72599446.72
7/6/2015,28330237,,7/6/2015,37558854.08,,7/6/2015,72599446.72
7/12/2015,28330237,,7/12/2015,37558854.08,,7/12/2015,72599446.72
7/13/2015,28330237,,7/13/2015,37558854.08,,7/13/2015,72599446.72
8/3/2015,28366237,,8/3/2015,37594854.08,,8/3/2015,72635446.72
8/6/2015,28366237,,8/6/2015,37594854.08,,8/6/2015,72635446.72
8/7/2015,28366237,,8/7/2015,37594854.08,,8/7/2015,72635446.72
8/20/2015,28366237,,8/20/2015,37594854.08,,8/20/2015,72635446.72
8/24/2015,28366237,,8/24/2015,37594854.08,,8/24/2015,72635446.72
9/2/2015,28366237,,9/2/2015,37594854.08,,9/2/2015,72635446.72
9/9/2015,28366237,,9/9/2015,37594854.08,,9/9/2015,72635446.72
9/10/2015,28816237,,9/10/2015,38044854.08,,9/10/2015,72635446.72
9/24/2015,28903737,,9/24/2015,38132354.08,,9/24/2015,72635446.72
9/28/2015,29828736.96,,9/28/2015,39057354.04,,9/28/2015,72635446.72
10/8/2015,29828736.96,,10/8/2015,40007063.97,,10/8/2015,81408009.76
10/30/2015,29828736.96,,10/30/2015,40007063.97,,10/30/2015,81408009.76
11/2/2015,29828736.96,,11/2/2015,40007063.97,,11/2/2015,81408009.76
11/13/2015,29828736.96,,11/13/2015,40007063.97,,11/13/2015,81408009.76
11/17/2015,29828736.96,,11/17/2015,40007063.97,,11/17/2015,81408009.76
11/24/2015,29828736.96,,11/24/2015,40007063.97,,11/24/2015,81408009.76
12/7/2015,29954736.96,,12/7/2015,40133063.97,,12/7/2015,81534009.76
12/8/2015,29954736.96,,12/8/2015,40133063.97,,12/8/2015,81534009.76
12/14/2015,29954736.96,,12/14/2015,40133063.97,,12/14/2015,81534009.76
12/17/2015,29954736.96,,12/17/2015,40133063.97,,12/17/2015,81534009.76
12/22/2015,29954736.96,,12/22/2015,40133063.97,,12/22/2015,81534009.76
12/29/2015,29954736.96,,12/29/2015,40133063.97,,12/29/2015,81534009.76
1/12/2016,29954736.96,,1/12/2016,40133063.97,,1/12/2016,81534009.76
1/13/2016,29954736.96,,1/13/2016,40133063.97,,1/13/2016,81534009.76
1/18/2016,29954736.96,,1/18/2016,40133063.97,,1/18/2016,81534009.76
1/25/2016,29954736.96,,1/25/2016,40133063.97,,1/25/2016,81534009.76
2/5/2016,29954736.96,,2/5/2016,40133063.97,,2/5/2016,81534009.76
2/11/2016,29954736.96,,2/11/2016,40133063.97,,2/11/2016,81534009.76
2/16/2016,30473157.93,,2/16/2016,40783063.86,,2/16/2016,82315588.58
2/22/2016,30473157.93,,2/22/2016,40783063.86,,2/22/2016,82315588.58
3/10/2016,30739824.59,,3/10/2016,41327508.3,,3/10/2016,83137810.79
3/14/2016,30739824.59,,3/14/2016,41327508.3,,3/14/2016,83137810.79
3/17/2016,30739824.59,,3/17/2016,41327508.3,,3/17/2016,83137810.79
3/27/2016,30808168.92,,3/27/2016,41327508.3,,3/27/2016,83137810.79
3/28/2016,30808168.92,,3/28/2016,41327508.3,,3/28/2016,83137810.79
4/11/2016,30808168.92,,4/11/2016,41327508.3,,4/11/2016,83137810.79
4/13/2016,30808168.92,,4/13/2016,41383398.7,,4/13/2016,83251235.44
4/17/2016,30808168.92,,4/17/2016,41383398.7,,4/17/2016,83288735.44
5/1/2016,30808168.92,,5/1/2016,41383398.7,,5/1/2016,83288735.44
5/10/2016,30808168.92,,5/10/2016,41383398.7,,5/10/2016,83288735.44
5/18/2016,30808168.92,,5/18/2016,41383398.7,,5/18/2016,83288735.44
6/14/2016,30808168.92,,6/14/2016,41558479.05,,6/14/2016,83692915.41
7/7/2016,30808168.92,,7/7/2016,41558479.05,,7/7/2016,83692915.41
7/13/2016,30808168.92,,7/13/2016,41558479.05,,7/13/2016,83692915.41
8/10/2016,30808168.92,,8/10/2016,41558479.05,,8/10/2016,83692915.41
8/15/2016,30808168.92,,8/15/2016,41558479.05,,8/15/2016,83766989.46
8/26/2016,30808168.92,,8/26/2016,41558479.05,,8/26/2016,83766989.46
10/17/2016,30808168.92,,10/17/2016,41558479.05,,10/17/2016,83766989.46
10/18/2016,30808168.92,,10/18/2016,41558479.05,,10/18/2016,83766989.46
11/7/2016,30888168.92,,11/7/2016,41558479.05,,11/7/2016,83766989.46
11/16/2016,30888168.92,,11/16/2016,41558479.05,,11/16/2016,83766989.46
11/21/2016,30888168.92,,11/21/2016,42053479.05,,11/21/2016,84636989.46
12/13/2016,31011245.84,,12/13/2016,42484248.27,,12/13/2016,85375450.98
12/21/2016,31173245.84,,12/21/2016,42646248.27,,12/21/2016,85537450.98
1/10/2017,31173245.84,,1/10/2017,42646248.27,,1/10/2017,85537450.98
2/3/2017,31173245.84,,2/3/2017,42646248.27,,2/3/2017,85537450.98
2/14/2017,31230245.84,,2/14/2017,42703248.27,,2/14/2017,85594450.98
3/9/2017,31250245.84,,3/9/2017,42723248.27,,3/9/2017,85614450.98
4/6/2017,31250245.84,,4/6/2017,42723248.27,,4/6/2017,85614450.98
4/27/2017,31250245.84,,4/27/2017,42723248.27,,4/27/2017,85614450.98
5/8/2017,31250245.84,,5/8/2017,42723248.27,,5/8/2017,85614450.98
5/11/2017,31270524.66,,5/11/2017,42723248.27,,5/11/2017,85614450.98
5/26/2017,31270524.66,,5/26/2017,42723248.27,,5/26/2017,85614450.98
5/30/2017,31270524.66,,5/30/2017,42723248.27,,5/30/2017,85614450.98
6/11/2017,31270524.66,,6/11/2017,42723248.27,,6/11/2017,85614450.98
6/23/2017,31270524.66,,6/23/2017,42723248.27,,6/23/2017,85614450.98
6/26/2017,31270524.66,,6/26/2017,42723248.27,,6/26/2017,85614450.98
7/2/2017,31535524.66,,7/2/2017,42988248.27,,7/2/2017,85879450.98
7/31/2017,31535524.66,,7/31/2017,42988248.27,,7/31/2017,85884117.64
8/8/2017,31535524.66,,8/8/2017,43504398.27,,8/8/2017,87376767.64
8/11/2017,31535524.66,,8/11/2017,43504398.27,,8/11/2017,87376767.64
8/17/2017,31535524.66,,8/17/2017,43504398.27,,8/17/2017,87376767.64
8/21/2017,31535524.66,,8/21/2017,43504398.27,,8/21/2017,87376767.64
8/25/2017,31535524.66,,8/25/2017,43504398.27,,8/25/2017,87376767.64
9/14/2017,31535524.66,,9/14/2017,43504398.27,,9/14/2017,87376767.64
9/20/2017,31535524.66,,9/20/2017,43504398.27,,9/20/2017,87376767.64
9/25/2017,31535524.66,,9/25/2017,43504398.27,,9/25/2017,90212705.14
9/27/2017,31535524.66,,9/27/2017,43504398.27,,9/27/2017,90212705.14
10/1/2017,31535524.66,,10/1/2017,43504398.27,,10/1/2017,90212705.14
10/31/2017,32705524.66,,10/31/2017,44674398.27,,10/31/2017,91382705.14
11/20/2017,32705524.66,,11/20/2017,44674398.27,,11/20/2017,91382705.14
11/21/2017,32705524.66,,11/21/2017,44674398.27,,11/21/2017,91382705.14
12/24/2017,32705524.66,,12/24/2017,44674398.27,,12/24/2017,91382705.14
12/25/2017,33595355.14,,12/25/2017,45786686.37,,12/25/2017,92717450.86
12/27/2017,33603948.89,,12/27/2017,45795280.12,,12/27/2017,92726044.61
1/10/2018,33603948.89,,1/10/2018,45795280.12,,1/10/2018,92726044.61
2/2/2018,33603948.89,,2/2/2018,45795280.12,,2/2/2018,92726044.61
2/13/2018,33603948.89,,2/13/2018,45795280.12,,2/13/2018,92726044.61
3/15/2018,33619573.89,,3/15/2018,45826530.12,,3/15/2018,92772919.61
3/16/2018,33619573.89,,3/16/2018,45826530.12,,3/16/2018,92772919.61
3/20/2018,33619573.89,,3/20/2018,45826530.12,,3/20/2018,92772919.61
4/10/2018,33619573.89,,4/10/2018,45826530.12,,4/10/2018,92772919.61
4/18/2018,33619573.89,,4/18/2018,45826530.12,,4/18/2018,92772919.61
4/22/2018,33834677.99,,4/22/2018,46077995.23,,4/22/2018,93060745.73
4/23/2018,33834677.99,,4/23/2018,46077995.23,,4/23/2018,93060745.73
4/26/2018,33834677.99,,4/26/2018,46077995.23,,4/26/2018,93060745.73
5/1/2018,33834677.99,,5/1/2018,46077995.23,,5/1/2018,93060745.73
5/8/2018,33834677.99,,5/8/2018,46077995.23,,5/8/2018,93060745.73
5/13/2018,33834677.99,,5/13/2018,46077995.23,,5/13/2018,93060745.73
5/18/2018,33834677.99,,5/18/2018,46077995.23,,5/18/2018,93060745.73
5/22/2018,33834677.99,,5/22/2018,46077995.23,,5/22/2018,93060745.73
5/29/2018,33834677.99,,5/29/2018,46077995.23,,5/29/2018,93060745.73
6/4/2018,33834677.99,,6/4/2018,46077995.23,,6/4/2018,93060745.73
6/11/2018,33834677.99,,6/11/2018,46077995.23,,6/11/2018,93060745.73
6/21/2018,33950120.94,,6/21/2018,46244071.06,,6/21/2018,93277454.43
7/3/2018,33950120.94,,7/3/2018,46244071.06,,7/3/2018,93277454.43
7/31/2018,33950120.94,,7/31/2018,46244071.06,,7/31/2018,93277454.43
8/7/2018,33950120.94,,8/7/2018,46244071.06,,8/7/2018,93277454.43
8/22/2018,33950120.94,,8/22/2018,46244071.06,,8/22/2018,93277454.43
9/2/2018,33950120.94,,9/2/2018,46244071.06,,9/2/2018,93277454.43
9/5/2018,33950120.94,,9/5/2018,46244071.06,,9/5/2018,93277454.43
9/12/2018,33950120.94,,9/12/2018,46244071.06,,9/12/2018,93277454.43
9/25/2018,33950120.94,,9/25/2018,46295247.52,,9/25/2018,93372748.53
10/9/2018,34000120.92,,10/9/2018,46345247.49,,10/9/2018,93422748.51
11/12/2018,34108816.56,,11/12/2018,46569226.4,,11/12/2018,93762010.68
11/13/2018,34108816.56,,11/13/2018,46569226.4,,11/13/2018,93762010.68
12/18/2018,34108816.56,,12/18/2018,47029119.44,,12/18/2018,95425112.26
