date,value,year,change
2000-01-01,100000.0,2000,0.0
2000-01-26,100000.0,2000,0.0
2000-02-04,100000.0,2000,0.0
2000-02-24,100000.0,2000,0.0
2000-02-28,100000.0,2000,0.0
2000-02-29,100000.0,2000,0.0
2000-03-01,100000.0,2000,0.0
2000-03-02,100000.0,2000,0.0
2000-03-09,100000.0,2000,0.0
2000-03-21,100000.0,2000,0.0
2000-03-30,100000.0,2000,0.0
2000-04-02,100000.0,2000,0.0
2000-04-04,100000.0,2000,0.0
2000-04-17,100000.0,2000,0.0
2000-04-23,100000.0,2000,0.0
2000-04-24,100000.0,2000,50000.0
2000-04-25,150000.0,2000,0.0
2000-05-01,150000.0,2000,0.0
2000-05-21,150000.0,2000,4729.2699999999895
2000-05-25,154729.27,2000,0.0
2000-06-05,154729.27,2000,0.0
2000-06-06,154729.27,2000,29472.0
2000-07-11,184201.27,2000,0.0
2000-07-31,184201.27,2000,0.0
2000-08-01,184201.27,2000,0.0
2000-08-10,184201.27,2000,0.0
2000-08-18,184201.27,2000,0.0
2000-08-21,184201.27,2000,0.0
2000-09-03,184201.27,2000,64718.875
2000-09-05,248920.145,2000,0.0
2000-09-08,248920.145,2000,0.0
2000-09-13,248920.145,2000,0.0
2000-09-21,248920.145,2000,0.0
2000-09-24,248920.145,2000,0.0
2000-09-26,248920.145,2000,0.0
2000-09-29,248920.145,2000,219560.96
2000-10-11,468481.105,2000,0.0
2000-10-23,468481.105,2000,0.0
2000-10-27,468481.105,2000,0.0
2000-10-30,468481.105,2000,0.0
2000-10-31,468481.105,2000,0.0
2000-11-01,468481.105,2000,0.0
2000-11-06,468481.105,2000,0.0
2000-11-09,468481.105,2000,0.0
2000-11-15,468481.105,2000,0.0
2000-11-28,468481.105,2000,0.0
2000-12-07,468481.105,2000,468479.0
2000-12-11,936960.105,2000,0.0
2000-12-15,936960.105,2000,0.0
2000-12-20,936960.105,2000,0.0
2000-12-21,936960.105,2000,0.0
2001-01-16,936960.105,2001,0.0
2001-01-23,936960.105,2001,25875.0
2001-01-28,962835.105,2001,0.0
2001-01-29,962835.105,2001,0.0
2001-02-06,962835.105,2001,0.0
2001-02-16,962835.105,2001,0.0
2001-02-21,962835.105,2001,0.0
2001-02-26,962835.105,2001,0.0
2001-03-08,962835.105,2001,0.0
2001-03-19,962835.105,2001,0.0
2001-03-22,962835.105,2001,87500.0
2001-03-29,1050335.105,2001,0.0
2001-04-03,1050335.105,2001,0.0
2001-04-12,1050335.105,2001,0.0
2001-04-13,1050335.105,2001,0.0
2001-04-16,1050335.105,2001,0.0
2001-04-17,1050335.105,2001,0.0
2001-04-23,1050335.105,2001,0.0
2001-05-09,1050335.105,2001,112833.32205000008
2001-05-10,1163168.42705,2001,0.0
2001-05-11,1163168.42705,2001,0.0
2001-05-16,1163168.42705,2001,0.0
2001-05-21,1163168.42705,2001,0.0
2001-06-01,1163168.42705,2001,0.0
2001-06-12,1163168.42705,2001,43269.375
2001-06-17,1206437.80205,2001,0.0
2001-06-28,1206437.80205,2001,0.0
2001-07-02,1206437.80205,2001,0.0
2001-07-05,1206437.80205,2001,0.0
2001-07-10,1206437.80205,2001,0.0
2001-07-19,1206437.80205,2001,0.0
2001-07-26,1206437.80205,2001,29198.399999999907
2001-08-05,1235636.20205,2001,0.0
2001-08-06,1235636.20205,2001,0.0
2001-08-07,1235636.20205,2001,0.0
2001-08-13,1235636.20205,2001,0.0
2001-08-15,1235636.20205,2001,0.0
2001-08-21,1235636.20205,2001,13725.0
2001-08-22,1249361.20205,2001,0.0
2001-08-29,1249361.20205,2001,0.0
2001-09-10,1249361.20205,2001,0.0
2001-09-18,1249361.20205,2001,0.0
2001-09-24,1249361.20205,2001,0.0
2001-09-27,1249361.20205,2001,0.0
2001-10-10,1249361.20205,2001,0.0
2001-10-14,1249361.20205,2001,0.0
2001-11-05,1249361.20205,2001,118250.0
2001-11-18,1367611.20205,2001,0.0
2001-11-21,1367611.20205,2001,0.0
2001-11-26,1367611.20205,2001,0.0
2001-12-07,1367611.20205,2001,0.0
2001-12-10,1367611.20205,2001,0.0
2001-12-17,1367611.20205,2001,0.0
2001-12-20,1367611.20205,2001,0.0
2001-12-26,1367611.20205,2001,0.0
2001-12-27,1367611.20205,2001,0.0
2002-01-16,1367611.20205,2002,290000.0
2002-01-24,1657611.20205,2002,15627.120000000112
2002-01-28,1673238.32205,2002,0.0
2002-01-31,1673238.32205,2002,0.0
2002-02-07,1673238.32205,2002,0.0
2002-03-07,1673238.32205,2002,19350.0
2002-03-21,1692588.32205,2002,0.0
2002-03-28,1692588.32205,2002,0.0
2002-04-10,1692588.32205,2002,0.0
2002-04-15,1692588.32205,2002,0.0
2002-04-23,1692588.32205,2002,0.0
2002-05-02,1692588.32205,2002,0.0
2002-05-07,1692588.32205,2002,0.0
2002-05-14,1692588.32205,2002,0.0
2002-05-17,1692588.32205,2002,0.0
2002-05-23,1692588.32205,2002,246000.0
2002-06-06,1938588.32205,2002,0.0
2002-06-13,1938588.32205,2002,0.0
2002-06-20,1938588.32205,2002,0.0
2002-06-23,1938588.32205,2002,5050.0
2002-06-27,1943638.32205,2002,0.0
2002-07-04,1943638.32205,2002,0.0
2002-07-16,1943638.32205,2002,0.0
2002-08-05,1943638.32205,2002,121250.0
2002-08-19,2064888.32205,2002,0.0
2002-08-21,2064888.32205,2002,180000.0
2002-08-27,2244888.32205,2002,0.0
2002-09-05,2244888.32205,2002,0.0
2002-09-06,2244888.32205,2002,0.0
2002-09-19,2244888.32205,2002,0.0
2002-09-23,2244888.32205,2002,0.0
2002-10-11,2244888.32205,2002,0.0
2002-10-18,2244888.32205,2002,1135364.98
2002-10-24,3380253.30205,2002,0.0
2002-10-27,3380253.30205,2002,0.0
2002-10-31,3380253.30205,2002,0.0
2002-11-01,3380253.30205,2002,0.0
2002-11-12,3380253.30205,2002,0.0
2002-11-14,3380253.30205,2002,0.0
2002-11-20,3380253.30205,2002,0.0
2002-11-21,3380253.30205,2002,0.0
2002-11-25,3380253.30205,2002,0.0
2002-11-27,3380253.30205,2002,0.0
2002-12-12,3380253.30205,2002,0.0
2002-12-17,3380253.30205,2002,0.0
2002-12-24,3380253.30205,2002,0.0
2002-12-29,3380253.30205,2002,49300.0
2003-01-05,3429553.30205,2003,0.0
2003-01-31,3429553.30205,2003,0.0
2003-02-04,3429553.30205,2003,0.0
2003-02-07,3429553.30205,2003,0.0
2003-02-18,3429553.30205,2003,0.0
2003-03-09,3429553.30205,2003,0.0
2003-03-10,3429553.30205,2003,0.0
2003-03-18,3429553.30205,2003,222500.0
2003-03-20,3652053.30205,2003,0.0
2003-03-21,3652053.30205,2003,0.0
2003-03-23,3652053.30205,2003,0.0
2003-04-14,3652053.30205,2003,0.0
2003-04-20,3652053.30205,2003,0.0
2003-04-23,3652053.30205,2003,149500.0
2003-04-27,3801553.30205,2003,0.0
2003-04-28,3801553.30205,2003,0.0
2003-05-09,3801553.30205,2003,0.0
2003-05-18,3801553.30205,2003,0.0
2003-05-20,3801553.30205,2003,0.0
2003-05-27,3801553.30205,2003,0.0
2003-05-28,3801553.30205,2003,0.0
2003-06-10,3801553.30205,2003,0.0
2003-06-11,3801553.30205,2003,34500.0
2003-06-15,3836053.30205,2003,0.0
2003-06-16,3836053.30205,2003,0.0
2003-06-30,3836053.30205,2003,0.0
2003-07-01,3836053.30205,2003,0.0
2003-07-06,3836053.30205,2003,0.0
2003-07-15,3836053.30205,2003,0.0
2003-07-20,3836053.30205,2003,0.0
2003-07-22,3836053.30205,2003,0.0
2003-08-04,3836053.30205,2003,0.0
2003-08-11,3836053.30205,2003,0.0
2003-08-18,3836053.30205,2003,574200.0
2003-08-25,4410253.30205,2003,0.0
2003-09-05,4410253.30205,2003,0.0
2003-09-15,4410253.30205,2003,0.0
2003-09-21,4410253.30205,2003,0.0
2003-09-30,4410253.30205,2003,0.0
2003-10-03,4410253.30205,2003,0.0
2003-10-10,4410253.30205,2003,0.0
2003-10-16,4410253.30205,2003,12500.0
2003-10-19,4422753.30205,2003,0.0
2003-10-30,4422753.30205,2003,0.0
2003-11-03,4422753.30205,2003,0.0
2003-11-10,4422753.30205,2003,0.0
2003-11-13,4422753.30205,2003,0.0
2003-11-19,4422753.30205,2003,0.0
2003-11-26,4422753.30205,2003,52250.0
2003-11-27,4475003.30205,2003,0.0
2003-12-04,4475003.30205,2003,0.0
2003-12-08,4475003.30205,2003,0.0
2003-12-10,4475003.30205,2003,0.0
2003-12-16,4475003.30205,2003,206557.36500000022
2003-12-25,4681560.66705,2003,412100.0
2004-01-12,5093660.66705,2004,0.0
2004-01-20,5093660.66705,2004,0.0
2004-01-21,5093660.66705,2004,263850.0
2004-01-26,5357510.66705,2004,0.0
2004-01-28,5357510.66705,2004,0.0
2004-02-06,5357510.66705,2004,0.0
2004-02-27,5357510.66705,2004,0.0
2004-03-04,5357510.66705,2004,0.0
2004-03-07,5357510.66705,2004,0.0
2004-03-08,5357510.66705,2004,0.0
2004-03-16,5357510.66705,2004,0.0
2004-03-17,5357510.66705,2004,7500.0
2004-03-22,5365010.66705,2004,604888.5
2004-03-31,5969899.16705,2004,0.0
2004-04-06,5969899.16705,2004,1.0
2004-04-07,5969900.16705,2004,0.0
2004-04-08,5969900.16705,2004,0.0
2004-04-16,5969900.16705,2004,0.0
2004-04-20,5969900.16705,2004,0.0
2004-05-02,5969900.16705,2004,0.0
2004-05-20,5969900.16705,2004,41720.0
2004-05-27,6011620.16705,2004,0.0
2004-06-07,6011620.16705,2004,0.0
2004-06-15,6011620.16705,2004,0.0
2004-06-22,6011620.16705,2004,0.0
2004-07-15,6011620.16705,2004,0.0
2004-07-27,6011620.16705,2004,0.0
2004-08-05,6011620.16705,2004,0.0
2004-08-11,6011620.16705,2004,0.0
2004-08-27,6011620.16705,2004,0.0
2004-08-30,6011620.16705,2004,0.0
2004-09-03,6011620.16705,2004,0.0
2004-09-14,6011620.16705,2004,885000.0
2004-09-15,6896620.16705,2004,0.0
2004-09-28,6896620.16705,2004,0.0
2004-10-04,6896620.16705,2004,517777.7259999998
2004-10-07,7414397.89305,2004,0.0
2004-10-13,7414397.89305,2004,0.0
2004-10-21,7414397.89305,2004,0.0
2004-10-27,7414397.89305,2004,0.0
2004-11-01,7414397.89305,2004,0.0
2004-11-04,7414397.89305,2004,0.0
2004-11-10,7414397.89305,2004,0.0
2004-11-12,7414397.89305,2004,0.0
2004-11-15,7414397.89305,2004,0.0
2004-11-16,7414397.89305,2004,0.0
2004-11-23,7414397.89305,2004,0.0
2004-11-30,7414397.89305,2004,0.0
2004-12-09,7414397.89305,2004,0.0
2004-12-16,7414397.89305,2004,0.0
2004-12-17,7414397.89305,2004,0.0
2004-12-19,7414397.89305,2004,0.0
2004-12-21,7414397.89305,2004,0.0
2004-12-26,7414397.89305,2004,0.0
2004-12-27,7414397.89305,2004,0.0
2005-01-02,7414397.89305,2005,69960.0
2005-01-24,7484357.89305,2005,118250.0
2005-02-01,7602607.89305,2005,0.0
2005-02-03,7602607.89305,2005,0.0
2005-02-11,7602607.89305,2005,311250.0
2005-03-10,7913857.89305,2005,222190.3099999996
2005-03-17,8136048.20305,2005,0.0
2005-03-30,8136048.20305,2005,0.0
2005-04-05,8136048.20305,2005,0.0
2005-04-12,8136048.20305,2005,0.0
2005-04-18,8136048.20305,2005,0.0
2005-04-20,8136048.20305,2005,0.0
2005-04-22,8136048.20305,2005,0.0
2005-05-04,8136048.20305,2005,0.0
2005-05-09,8136048.20305,2005,0.0
2005-05-10,8136048.20305,2005,0.0
2005-05-16,8136048.20305,2005,0.0
2005-05-23,8136048.20305,2005,0.0
2005-05-24,8136048.20305,2005,0.0
2005-05-26,8136048.20305,2005,0.0
2005-06-14,8136048.20305,2005,0.0
2005-06-16,8136048.20305,2005,2264401.500000001
2005-06-19,10400449.70305,2005,0.0
2005-06-23,10400449.70305,2005,0.0
2005-06-29,10400449.70305,2005,0.0
2005-06-30,10400449.70305,2005,0.0
2005-07-21,10400449.70305,2005,0.0
2005-07-25,10400449.70305,2005,0.0
2005-07-26,10400449.70305,2005,0.0
2005-07-27,10400449.70305,2005,0.0
2005-08-05,10400449.70305,2005,0.0
2005-08-10,10400449.70305,2005,0.0
2005-08-12,10400449.70305,2005,0.0
2005-08-17,10400449.70305,2005,0.0
2005-08-29,10400449.70305,2005,0.0
2005-08-30,10400449.70305,2005,39176.45099999942
2005-08-31,10439626.15405,2005,0.0
2005-09-07,10439626.15405,2005,0.0
2005-09-13,10439626.15405,2005,97272.95099999942
2005-09-14,10536899.10505,2005,0.0
2005-09-20,10536899.10505,2005,1446673.5999999996
2005-10-04,11983572.705049999,2005,0.0
2005-10-10,11983572.705049999,2005,0.0
2005-10-14,11983572.705049999,2005,22770.140000000596
2005-10-17,12006342.84505,2005,0.0
2005-11-03,12006342.84505,2005,0.0
2005-11-15,12006342.84505,2005,0.0
2005-11-20,12006342.84505,2005,0.0
2005-11-21,12006342.84505,2005,0.0
2005-11-23,12006342.84505,2005,0.0
2005-12-05,12006342.84505,2005,0.0
2005-12-08,12006342.84505,2005,0.0
2005-12-15,12006342.84505,2005,1496229.4000000004
2005-12-19,13502572.24505,2005,0.0
2005-12-27,13502572.24505,2005,0.0
2005-12-30,13502572.24505,2005,0.0
2006-01-11,13502572.24505,2006,0.0
2006-01-16,13502572.24505,2006,122352.75500000082
2006-01-25,13624925.00005,2006,0.0
2006-01-26,13624925.00005,2006,0.0
2006-02-05,13624925.00005,2006,0.0
2006-02-06,13624925.00005,2006,0.0
2006-02-09,13624925.00005,2006,0.0
2006-02-10,13624925.00005,2006,0.0
2006-02-13,13624925.00005,2006,0.0
2006-03-01,13624925.00005,2006,0.0
2006-03-02,13624925.00005,2006,0.0
2006-03-09,13624925.00005,2006,0.0
2006-03-10,13624925.00005,2006,0.0
2006-03-16,13624925.00005,2006,1250000.0
2006-03-19,14874925.00005,2006,0.0
2006-03-24,14874925.00005,2006,0.0
2006-03-31,14874925.00005,2006,0.0
2006-04-04,14874925.00005,2006,0.0
2006-04-12,14874925.00005,2006,0.0
2006-04-18,14874925.00005,2006,207176.0
2006-04-27,15082101.00005,2006,0.0
2006-05-03,15082101.00005,2006,45500.0
2006-05-10,15127601.00005,2006,0.0
2006-05-17,15127601.00005,2006,436500.0
2006-05-21,15564101.00005,2006,0.0
2006-05-30,15564101.00005,2006,0.0
2006-06-01,15564101.00005,2006,0.0
2006-06-20,15564101.00005,2006,2572624.329999998
2006-07-02,18136725.33005,2006,0.0
2006-07-05,18136725.33005,2006,0.0
2006-07-10,18136725.33005,2006,0.0
2006-07-12,18136725.33005,2006,0.0
2006-07-21,18136725.33005,2006,0.0
2006-08-03,18136725.33005,2006,0.0
2006-08-07,18136725.33005,2006,0.0
2006-08-08,18136725.33005,2006,0.0
2006-08-11,18136725.33005,2006,0.0
2006-08-13,18136725.33005,2006,0.0
2006-08-14,18136725.33005,2006,0.0
2006-08-15,18136725.33005,2006,0.0
2006-08-16,18136725.33005,2006,0.0
2006-08-23,18136725.33005,2006,0.0
2006-08-25,18136725.33005,2006,0.0
2006-08-27,18136725.33005,2006,0.0
2006-08-28,18136725.33005,2006,0.0
2006-08-29,18136725.33005,2006,0.0
2006-08-31,18136725.33005,2006,0.0
2006-09-08,18136725.33005,2006,0.0
2006-09-11,18136725.33005,2006,0.0
2006-09-14,18136725.33005,2006,0.0
2006-09-18,18136725.33005,2006,0.0
2006-09-19,18136725.33005,2006,0.0
2006-09-28,18136725.33005,2006,0.0
2006-10-02,18136725.33005,2006,89687.5
2006-10-05,18226412.83005,2006,242000.0
2006-10-11,18468412.83005,2006,98888.87900000066
2006-10-12,18567301.70905,2006,0.0
2006-10-18,18567301.70905,2006,0.0
2006-10-20,18567301.70905,2006,0.0
2006-11-06,18567301.70905,2006,0.0
2006-11-16,18567301.70905,2006,0.0
2006-11-20,18567301.70905,2006,0.0
2006-11-21,18567301.70905,2006,0.0
2006-11-22,18567301.70905,2006,0.0
2006-12-04,18567301.70905,2006,0.0
2006-12-10,18567301.70905,2006,0.0
2006-12-11,18567301.70905,2006,94120.0
2006-12-12,18661421.70905,2006,0.0
2006-12-13,18661421.70905,2006,0.0
2006-12-18,18661421.70905,2006,0.0
2006-12-20,18661421.70905,2006,0.0
2006-12-25,18661421.70905,2006,0.0
2006-12-26,18661421.70905,2006,0.0
2007-01-03,18661421.70905,2007,0.0
2007-01-10,18661421.70905,2007,0.0
2007-01-16,18661421.70905,2007,0.0
2007-01-17,18661421.70905,2007,0.0
2007-01-24,18661421.70905,2007,0.0
2007-01-26,18661421.70905,2007,28320.0
2007-02-07,18689741.70905,2007,0.0
2007-02-08,18689741.70905,2007,1051801.6840000004
2007-02-14,19741543.39305,2007,385248.08000000194
2007-03-06,20126791.473050002,2007,0.0
2007-03-07,20126791.473050002,2007,0.0
2007-03-15,20126791.473050002,2007,0.0
2007-03-19,20126791.473050002,2007,0.0
2007-03-21,20126791.473050002,2007,0.0
2007-03-28,20126791.473050002,2007,0.0
2007-04-09,20126791.473050002,2007,0.0
2007-04-11,20126791.473050002,2007,0.0
2007-04-17,20126791.473050002,2007,39930.0
2007-04-19,20166721.473050002,2007,0.0
2007-04-23,20166721.473050002,2007,0.0
2007-04-25,20166721.473050002,2007,0.0
2007-04-30,20166721.473050002,2007,0.0
2007-05-09,20166721.473050002,2007,0.0
2007-05-11,20166721.473050002,2007,0.0
2007-05-15,20166721.473050002,2007,0.0
2007-05-17,20166721.473050002,2007,0.0
2007-05-21,20166721.473050002,2007,0.0
2007-05-27,20166721.473050002,2007,0.0
2007-05-29,20166721.473050002,2007,0.0
2007-05-30,20166721.473050002,2007,0.0
2007-06-01,20166721.473050002,2007,0.0
2007-06-08,20166721.473050002,2007,0.0
2007-06-13,20166721.473050002,2007,0.0
2007-06-14,20166721.473050002,2007,0.0
2007-06-18,20166721.473050002,2007,0.0
2007-06-20,20166721.473050002,2007,0.0
2007-06-21,20166721.473050002,2007,0.0
2007-06-29,20166721.473050002,2007,0.0
2007-07-02,20166721.473050002,2007,0.0
2007-07-03,20166721.473050002,2007,159600.0
2007-07-04,20326321.473050002,2007,0.0
2007-07-10,20326321.473050002,2007,0.0
2007-07-16,20326321.473050002,2007,0.0
2007-07-19,20326321.473050002,2007,0.0
2007-07-30,20326321.473050002,2007,0.0
2007-08-01,20326321.473050002,2007,0.0
2007-08-03,20326321.473050002,2007,0.0
2007-08-06,20326321.473050002,2007,0.0
2007-08-08,20326321.473050002,2007,0.0
2007-08-10,20326321.473050002,2007,0.0
2007-08-13,20326321.473050002,2007,0.0
2007-08-14,20326321.473050002,2007,0.0
2007-08-15,20326321.473050002,2007,0.0
2007-08-21,20326321.473050002,2007,174075.0
2007-08-22,20500396.473050002,2007,0.0
2007-08-24,20500396.473050002,2007,0.0
2007-08-30,20500396.473050002,2007,0.0
2007-09-04,20500396.473050002,2007,0.0
2007-09-10,20500396.473050002,2007,0.0
2007-09-11,20500396.473050002,2007,0.0
2007-09-16,20500396.473050002,2007,0.0
2007-09-17,20500396.473050002,2007,0.0
2007-09-19,20500396.473050002,2007,0.0
2007-09-20,20500396.473050002,2007,861000.0
2007-09-25,21361396.473050002,2007,0.0
2007-09-26,21361396.473050002,2007,0.0
2007-09-27,21361396.473050002,2007,222950.0
2007-10-04,21584346.473050002,2007,0.0
2007-11-21,21584346.473050002,2007,4456607.022000004
2007-12-25,26040953.495050006,2007,0.0
2008-01-15,26040953.495050006,2008,0.0
2008-02-12,26040953.495050006,2008,0.0
2008-02-15,26040953.495050006,2008,330512.5
2008-02-19,26371465.995050006,2008,0.0
2008-02-20,26371465.995050006,2008,0.0
2008-02-21,26371465.995050006,2008,0.0
2008-03-10,26371465.995050006,2008,0.0
2008-03-13,26371465.995050006,2008,0.0
2008-03-17,26371465.995050006,2008,0.0
2008-03-23,26371465.995050006,2008,0.0
2008-03-24,26371465.995050006,2008,0.0
2008-03-26,26371465.995050006,2008,0.0
2008-04-13,26371465.995050006,2008,170000.0
2008-05-04,26541465.995050006,2008,0.0
2008-05-14,26541465.995050006,2008,0.0
2008-05-19,26541465.995050006,2008,0.0
2008-06-02,26541465.995050006,2008,0.0
2008-06-17,26541465.995050006,2008,0.0
2008-06-19,26541465.995050006,2008,0.0
2008-06-26,26541465.995050006,2008,0.0
2008-06-30,26541465.995050006,2008,0.0
2008-07-03,26541465.995050006,2008,0.0
2008-07-22,26541465.995050006,2008,0.0
2008-07-29,26541465.995050006,2008,0.0
2008-08-04,26541465.995050006,2008,0.0
2008-08-11,26541465.995050006,2008,0.0
2008-08-18,26541465.995050006,2008,6.949999999254942
2008-08-24,26541472.945050005,2008,0.0
2008-08-29,26541472.945050005,2008,404922.9539999999
2008-09-02,26946395.899050005,2008,0.0
2008-09-18,26946395.899050005,2008,126000.0
2008-09-22,27072395.899050005,2008,122448.97500000149
2008-10-05,27194844.874050006,2008,0.0
2008-10-20,27194844.874050006,2008,0.0
2008-10-27,27194844.874050006,2008,0.0
2008-11-05,27194844.874050006,2008,0.0
2008-11-07,27194844.874050006,2008,44700.0
2008-11-23,27239544.874050006,2008,0.0
2008-12-01,27239544.874050006,2008,0.0
2008-12-05,27239544.874050006,2008,0.0
2008-12-11,27239544.874050006,2008,0.0
2008-12-15,27239544.874050006,2008,638297.8500000015
2009-01-21,27877842.724050008,2009,0.0
2009-03-05,27877842.724050008,2009,154000.0
2009-04-08,28031842.724050008,2009,0.0
2009-05-18,28031842.724050008,2009,0.0
2009-06-02,28031842.724050008,2009,35000.0
2009-06-22,28066842.724050008,2009,407170.0
2009-07-06,28474012.724050008,2009,0.0
2009-08-10,28474012.724050008,2009,0.0
2009-08-20,28474012.724050008,2009,0.0
2009-09-01,28474012.724050008,2009,74000.0
2009-09-10,28548012.724050008,2009,0.0
2009-09-24,28548012.724050008,2009,252941.13599999994
2009-10-12,28800953.860050008,2009,0.0
2009-11-10,28800953.860050008,2009,0.0
2009-11-13,28800953.860050008,2009,0.0
2009-11-20,28800953.860050008,2009,0.0
2009-12-14,28800953.860050008,2009,0.0
2009-12-16,28800953.860050008,2009,350819.6695000008
2009-12-17,29151773.52955001,2009,261000.0
2009-12-24,29412773.52955001,2009,12500.0
2010-01-19,29425273.52955001,2010,0.0
2010-01-29,29425273.52955001,2010,0.0
2010-02-19,29425273.52955001,2010,747126.3150000013
2010-02-25,30172399.84455001,2010,0.0
2010-03-07,30172399.84455001,2010,0.0
2010-03-11,30172399.84455001,2010,3103448.2200000025
2010-04-04,33275848.064550012,2010,425597.8399999961
2010-04-14,33701445.90455001,2010,0.0
2010-05-10,33701445.90455001,2010,2184465.9375
2010-06-14,35885911.84205001,2010,0.0
2010-06-18,35885911.84205001,2010,0.0
2010-06-30,35885911.84205001,2010,0.0
2010-07-06,35885911.84205001,2010,0.0
2010-07-25,35885911.84205001,2010,0.0
2010-07-29,35885911.84205001,2010,0.0
2010-08-03,35885911.84205001,2010,6236892.0
2010-08-09,42122803.84205001,2010,0.0
2010-08-10,42122803.84205001,2010,0.0
2010-08-31,42122803.84205001,2010,712500.0
2010-09-14,42835303.84205001,2010,0.0
2010-09-15,42835303.84205001,2010,0.0
2010-09-17,42835303.84205001,2010,0.0
2010-09-22,42835303.84205001,2010,0.0
2010-10-08,42835303.84205001,2010,0.0
2010-10-19,42835303.84205001,2010,0.0
2010-10-25,42835303.84205001,2010,142500.0
2010-10-26,42977803.84205001,2010,0.0
2010-10-27,42977803.84205001,2010,0.0
2010-11-03,42977803.84205001,2010,0.0
2010-11-08,42977803.84205001,2010,0.0
2010-11-09,42977803.84205001,2010,0.0
2010-11-14,42977803.84205001,2010,0.0
2010-11-18,42977803.84205001,2010,0.0
2010-12-01,42977803.84205001,2010,72554.94200000167
2010-12-08,43050358.78405001,2010,0.0
2010-12-09,43050358.78405001,2010,0.0
2010-12-14,43050358.78405001,2010,435000.0
2010-12-15,43485358.78405001,2010,89000.0
2010-12-23,43574358.78405001,2010,0.0
2011-01-04,43574358.78405001,2011,1678947.2424999997
2011-01-20,45253306.02655001,2011,0.0
2011-02-09,45253306.02655001,2011,0.0
2011-02-10,45253306.02655001,2011,0.0
2011-03-16,45253306.02655001,2011,183024.0
2011-03-17,45436330.02655001,2011,0.0
2011-04-08,45436330.02655001,2011,0.0
2011-04-27,45436330.02655001,2011,1245637.5799999982
2011-05-12,46681967.60655001,2011,52500.0
2011-05-31,46734467.60655001,2011,0.0
2011-06-24,46734467.60655001,2011,478800.0
2011-07-31,47213267.60655001,2011,0.0
2011-08-02,47213267.60655001,2011,0.0
2011-08-18,47213267.60655001,2011,0.0
2011-09-04,47213267.60655001,2011,0.0
2011-09-14,47213267.60655001,2011,0.0
2011-09-21,47213267.60655001,2011,0.0
2011-10-17,47213267.60655001,2011,0.0
2011-11-03,47213267.60655001,2011,255000.0
2011-11-08,47468267.60655001,2011,0.0
2011-11-20,47468267.60655001,2011,0.0
2011-12-01,47468267.60655001,2011,1665427.4560000002
2011-12-08,49133695.06255001,2011,0.0
2011-12-13,49133695.06255001,2011,0.0
2011-12-14,49133695.06255001,2011,0.0
2011-12-20,49133695.06255001,2011,0.0
2012-01-03,49133695.06255001,2012,2275000.0
2012-01-17,51408695.06255001,2012,6500.0
2012-01-26,51415195.06255001,2012,0.0
2012-02-07,51415195.06255001,2012,0.0
2012-02-23,51415195.06255001,2012,0.0
2012-02-24,51415195.06255001,2012,0.0
2012-02-28,51415195.06255001,2012,0.0
2012-02-29,51415195.06255001,2012,0.0
2012-03-06,51415195.06255001,2012,28272.0
2012-03-13,51443467.06255001,2012,0.0
2012-03-16,51443467.06255001,2012,0.0
2012-03-28,51443467.06255001,2012,0.0
2012-04-02,51443467.06255001,2012,0.0
2012-04-09,51443467.06255001,2012,40000.0
2012-04-19,51483467.06255001,2012,13445.359999999404
2012-04-30,51496912.42255001,2012,0.0
2012-05-07,51496912.42255001,2012,0.0
2012-05-09,51496912.42255001,2012,0.0
2012-05-25,51496912.42255001,2012,0.0
2012-05-30,51496912.42255001,2012,0.0
2012-06-01,51496912.42255001,2012,0.0
2012-06-04,51496912.42255001,2012,0.0
2012-06-11,51496912.42255001,2012,0.0
2012-06-12,51496912.42255001,2012,0.0
2012-06-14,51496912.42255001,2012,0.0
2012-06-28,51496912.42255001,2012,0.0
2012-07-02,51496912.42255001,2012,0.0
2012-07-03,51496912.42255001,2012,0.0
2012-07-05,51496912.42255001,2012,145454.52799999714
2012-07-17,51642366.950550005,2012,97575.75100000203
2012-08-05,51739942.70155001,2012,0.0
2012-08-06,51739942.70155001,2012,0.0
2012-08-08,51739942.70155001,2012,467499.9149999991
2012-09-11,52207442.616550006,2012,0.0
2012-10-29,52207442.616550006,2012,0.0
2012-11-05,52207442.616550006,2012,0.0
2012-11-07,52207442.616550006,2012,0.0
2012-11-19,52207442.616550006,2012,0.0
2012-11-26,52207442.616550006,2012,0.0
2012-11-29,52207442.616550006,2012,0.0
2012-11-30,52207442.616550006,2012,0.0
2012-12-09,52207442.616550006,2012,0.0
2012-12-13,52207442.616550006,2012,0.0
2012-12-18,52207442.616550006,2012,0.0
2012-12-24,52207442.616550006,2012,0.0
2012-12-27,52207442.616550006,2012,350000.0
2013-01-09,52557442.616550006,2013,123500.0
2013-01-10,52680942.616550006,2013,1789772.7225000039
2013-01-29,54470715.33905001,2013,0.0
2013-02-20,54470715.33905001,2013,0.0
2013-03-21,54470715.33905001,2013,1028124.9764999971
2013-03-25,55498840.31555001,2013,0.0
2013-04-03,55498840.31555001,2013,0.0
2013-04-05,55498840.31555001,2013,0.0
2013-04-26,55498840.31555001,2013,0.0
2013-04-28,55498840.31555001,2013,831617.5574999973
2013-05-07,56330457.873050004,2013,0.0
2013-05-08,56330457.873050004,2013,0.0
2013-05-21,56330457.873050004,2013,456000.0
2013-05-30,56786457.873050004,2013,0.0
2013-06-17,56786457.873050004,2013,0.0
2013-06-24,56786457.873050004,2013,20000.0
2013-07-21,56806457.873050004,2013,0.0
2013-07-26,56806457.873050004,2013,0.0
2013-08-12,56806457.873050004,2013,5329608.959999993
2013-08-28,62136066.83305,2013,0.0
2013-09-13,62136066.83305,2013,0.0
2013-09-16,62136066.83305,2013,0.0
2013-09-25,62136066.83305,2013,68250.0
2013-10-30,62204316.83305,2013,709302.2964999974
2013-11-05,62913619.129549995,2013,0.0
2013-11-13,62913619.129549995,2013,0.0
2013-11-25,62913619.129549995,2013,1353000.0
2013-12-17,64266619.129549995,2013,871428.4930000007
2013-12-29,65138047.622549996,2013,0.0
2014-01-14,65138047.622549996,2014,0.0
2014-01-31,65138047.622549996,2014,0.0
2014-02-07,65138047.622549996,2014,0.0
2014-02-10,65138047.622549996,2014,0.0
2014-02-17,65138047.622549996,2014,0.0
2014-02-21,65138047.622549996,2014,0.0
2014-02-26,65138047.622549996,2014,0.0
2014-03-06,65138047.622549996,2014,3100460.978
2014-03-13,68238508.60055,2014,0.0
2014-03-16,68238508.60055,2014,421508.82400000095
2014-03-27,68660017.42455,2014,0.0
2014-04-01,68660017.42455,2014,1121739.1079999954
2014-04-08,69781756.53254999,2014,0.0
2014-04-30,69781756.53254999,2014,0.0
2014-05-16,69781756.53254999,2014,482500.0
2014-06-03,70264256.53254999,2014,0.0
2014-06-22,70264256.53254999,2014,0.0
2014-07-09,70264256.53254999,2014,0.0
2014-07-24,70264256.53254999,2014,0.0
2014-08-11,70264256.53254999,2014,170454.51000000536
2014-08-12,70434711.04255,2014,185000.0
2014-08-26,70619711.04255,2014,0.0
2014-09-02,70619711.04255,2014,0.0
2014-09-15,70619711.04255,2014,0.0
2014-09-19,70619711.04255,2014,0.0
2014-10-03,70619711.04255,2014,549818.0100000054
2014-10-05,71169529.05255,2014,0.0
2014-10-26,71169529.05255,2014,0.0
2014-10-30,71169529.05255,2014,0.0
2014-10-31,71169529.05255,2014,0.0
2014-11-03,71169529.05255,2014,0.0
2014-11-09,71169529.05255,2014,0.0
2014-11-12,71169529.05255,2014,0.0
2014-12-07,71169529.05255,2014,0.0
2014-12-08,71169529.05255,2014,760714.2705000043
2014-12-09,71930243.32305,2014,0.0
2014-12-16,71930243.32305,2014,65828.44799999893
2015-01-13,71996071.77105,2015,0.0
2015-02-09,71996071.77105,2015,0.0
2015-02-10,71996071.77105,2015,0.0
2015-02-17,71996071.77105,2015,0.0
2015-02-23,71996071.77105,2015,0.0
2015-03-16,71996071.77105,2015,0.0
2015-03-19,71996071.77105,2015,0.0
2015-03-26,71996071.77105,2015,0.0
2015-03-27,71996071.77105,2015,0.0
2015-04-02,71996071.77105,2015,48375.0
2015-04-21,72044446.77105,2015,0.0
2015-04-22,72044446.77105,2015,0.0
2015-04-27,72044446.77105,2015,0.0
2015-04-28,72044446.77105,2015,0.0
2015-04-29,72044446.77105,2015,0.0
2015-05-04,72044446.77105,2015,0.0
2015-05-05,72044446.77105,2015,0.0
2015-05-15,72044446.77105,2015,0.0
2015-05-25,72044446.77105,2015,0.0
2015-05-28,72044446.77105,2015,0.0
2015-06-03,72044446.77105,2015,150000.0
2015-06-04,72194446.77105,2015,0.0
2015-06-07,72194446.77105,2015,0.0
2015-06-08,72194446.77105,2015,404999.9459999949
2015-06-21,72599446.71705,2015,0.0
2015-06-26,72599446.71705,2015,0.0
2015-06-30,72599446.71705,2015,0.0
2015-07-03,72599446.71705,2015,0.0
2015-07-06,72599446.71705,2015,0.0
2015-07-12,72599446.71705,2015,0.0
2015-07-13,72599446.71705,2015,36000.0
2015-08-03,72635446.71705,2015,0.0
2015-08-06,72635446.71705,2015,0.0
2015-08-07,72635446.71705,2015,0.0
2015-08-20,72635446.71705,2015,0.0
2015-08-24,72635446.71705,2015,0.0
2015-09-02,72635446.71705,2015,0.0
2015-09-09,72635446.71705,2015,0.0
2015-09-10,72635446.71705,2015,0.0
2015-09-24,72635446.71705,2015,0.0
2015-09-28,72635446.71705,2015,8772563.0475
2015-10-08,81408009.76455,2015,0.0
2015-10-30,81408009.76455,2015,0.0
2015-11-02,81408009.76455,2015,0.0
2015-11-13,81408009.76455,2015,0.0
2015-11-17,81408009.76455,2015,0.0
2015-11-24,81408009.76455,2015,126000.0
2015-12-07,81534009.76455,2015,0.0
2015-12-08,81534009.76455,2015,0.0
2015-12-14,81534009.76455,2015,0.0
2015-12-17,81534009.76455,2015,0.0
2015-12-22,81534009.76455,2015,0.0
2015-12-29,81534009.76455,2015,0.0
2016-01-12,81534009.76455,2016,0.0
2016-01-13,81534009.76455,2016,0.0
2016-01-18,81534009.76455,2016,0.0
2016-01-25,81534009.76455,2016,0.0
2016-02-05,81534009.76455,2016,0.0
2016-02-11,81534009.76455,2016,781578.814500004
2016-02-16,82315588.57905,2016,0.0
2016-02-22,82315588.57905,2016,822222.2140000015
2016-03-10,83137810.79305,2016,0.0
2016-03-14,83137810.79305,2016,0.0
2016-03-17,83137810.79305,2016,0.0
2016-03-27,83137810.79305,2016,0.0
2016-03-28,83137810.79305,2016,0.0
2016-04-11,83137810.79305,2016,113424.6494999975
2016-04-13,83251235.44255,2016,37499.99400000274
2016-04-17,83288735.43655,2016,0.0
2016-05-01,83288735.43655,2016,0.0
2016-05-10,83288735.43655,2016,0.0
2016-05-18,83288735.43655,2016,404179.9699999988
2016-06-14,83692915.40655,2016,0.0
2016-07-07,83692915.40655,2016,0.0
2016-07-13,83692915.40655,2016,0.0
2016-08-10,83692915.40655,2016,74074.04999999702
2016-08-15,83766989.45655,2016,0.0
2016-08-26,83766989.45655,2016,0.0
2016-10-17,83766989.45655,2016,0.0
2016-10-18,83766989.45655,2016,0.0
2016-11-07,83766989.45655,2016,0.0
2016-11-16,83766989.45655,2016,870000.0
2016-11-21,84636989.45655,2016,738461.5199999958
2016-12-13,85375450.97655,2016,162000.0
2016-12-21,85537450.97655,2016,0.0
2017-01-10,85537450.97655,2017,0.0
2017-02-03,85537450.97655,2017,57000.0
2017-02-14,85594450.97655,2017,20000.0
2017-03-09,85614450.97655,2017,0.0
2017-04-06,85614450.97655,2017,0.0
2017-04-27,85614450.97655,2017,0.0
2017-05-08,85614450.97655,2017,0.0
2017-05-11,85614450.97655,2017,0.0
2017-05-26,85614450.97655,2017,0.0
2017-05-30,85614450.97655,2017,0.0
2017-06-11,85614450.97655,2017,0.0
2017-06-23,85614450.97655,2017,0.0
2017-06-26,85614450.97655,2017,265000.0
2017-07-02,85879450.97655,2017,4666.662000000477
2017-07-31,85884117.63855,2017,1492650.0
2017-08-08,87376767.63855,2017,0.0
2017-08-11,87376767.63855,2017,0.0
2017-08-17,87376767.63855,2017,0.0
2017-08-21,87376767.63855,2017,0.0
2017-08-25,87376767.63855,2017,0.0
2017-09-14,87376767.63855,2017,0.0
2017-09-20,87376767.63855,2017,2835937.5
2017-09-25,90212705.13855,2017,0.0
2017-09-27,90212705.13855,2017,0.0
2017-10-01,90212705.13855,2017,1170000.0
2017-10-31,91382705.13855,2017,0.0
2017-11-20,91382705.13855,2017,0.0
2017-11-21,91382705.13855,2017,0.0
2017-12-24,91382705.13855,2017,1334745.7199999988
2017-12-25,92717450.85855,2017,8593.75
2017-12-27,92726044.60855,2017,0.0
2018-01-10,92726044.60855,2018,0.0
2018-02-02,92726044.60855,2018,0.0
2018-02-13,92726044.60855,2018,46875.0
2018-03-15,92772919.60855,2018,0.0
2018-03-16,92772919.60855,2018,0.0
2018-03-20,92772919.60855,2018,0.0
2018-04-10,92772919.60855,2018,0.0
2018-04-18,92772919.60855,2018,287826.12000000477
2018-04-22,93060745.72855,2018,0.0
2018-04-23,93060745.72855,2018,0.0
2018-04-26,93060745.72855,2018,0.0
2018-05-01,93060745.72855,2018,0.0
2018-05-08,93060745.72855,2018,0.0
2018-05-13,93060745.72855,2018,0.0
2018-05-18,93060745.72855,2018,0.0
2018-05-22,93060745.72855,2018,0.0
2018-05-29,93060745.72855,2018,0.0
2018-06-04,93060745.72855,2018,0.0
2018-06-11,93060745.72855,2018,216708.7049999982
2018-06-21,93277454.43355,2018,0.0
2018-07-03,93277454.43355,2018,0.0
2018-07-31,93277454.43355,2018,0.0
2018-08-07,93277454.43355,2018,0.0
2018-08-22,93277454.43355,2018,0.0
2018-09-02,93277454.43355,2018,0.0
2018-09-05,93277454.43355,2018,0.0
2018-09-12,93277454.43355,2018,95294.09700000286
2018-09-25,93372748.53055,2018,49999.97499999404
2018-10-09,93422748.50555,2018,339262.1724999994
2018-11-12,93762010.67805,2018,0.0
2018-11-13,93762010.67805,2018,1663101.5785000026
2018-12-18,95425112.25655,2018,
